#pattern name,sequence name,start,stop,strand,score,p-value,q-value,matched sequence
Improbizer_TCCAACATAAATATTT,SLC7A2|8|17497088|17570573|1,1040,1055,+,16.0089,2.35e-06,,TCAAACAAAAATAGTA
Improbizer_TCCAACATAAATATTT,RPL7A|9|133348214|133351426|1,1973,1988,+,13.3393,1.6100000000000002e-05,,GGCCGCATACATATTA
Improbizer_TCCAACATAAATATTT,RPS15|19|1438358|1440494|1,933,948,+,9.4375,9.63e-05,,TGCCACATCCATAGTT
Improbizer_TCCAACATAAATATTT,RPS15|19|1438358|1440494|1,1759,1774,+,15.7054,3.05e-06,,CGCTCCATAAATACTT
Improbizer_TCCAACATAAATATTT,RPS12|6|132814441|132817564|1,123,138,+,17.1875,7.47e-07,,CCCCACATAAATATGC
Improbizer_TCCAACATAAATATTT,BBS12|4|122732702|122744943|1,701,716,+,10.4375,6.48e-05,,CCCTGAAAACATATTT
Improbizer_TCCAACATAAATATTT,BBS12|4|122732702|122744943|1,836,851,+,12.6071,2.42e-05,,AAAATCATAACTATAT
Improbizer_TCCAACATAAATATTT,PIFO|1|111346288|111353013|1,282,297,+,18.2143,2.21e-07,,TCAAACATATATATTT
Improbizer_TCCAACATAAATATTT,PIFO|1|111346288|111353013|1,671,686,+,15.9821,2.4e-06,,AGATACATAAATACTT
Improbizer_TCCAACATAAATATTT,PIFO|1|111346288|111353013|1,1729,1744,+,9.48214,9.470000000000001e-05,,AAAAAAAAAACTATTA
Improbizer_TCCAACATAAATATTT,AFF2|X|148500619|149000663|1,181,196,+,11.3661,4.3799999999999994e-05,,CCATGAATAAATAAGT
Improbizer_TCCAACATAAATATTT,AFF2|X|148500619|149000663|1,383,398,+,14.625,7.06e-06,,TGCAAAGTAAATAGAC
Improbizer_TCCAACATAAATATTT,RPL12|9|127447674|127451405|-1,316,331,+,14.4018,8.27e-06,,TAATAAATAAATAAAT
Improbizer_GAGGCCCGCGTTCTGCG,SLC7A2|8|17497088|17570573|1,1758,1774,+,10.211,6.2e-05,,CCGGCCCGCGCCCACCG
Improbizer_GAGGCCCGCGTTCTGCG,SLC7A2|8|17497088|17570573|1,1900,1916,+,17.1651,8.74e-07,,CGGGGTCGCGTTCCGGG
Improbizer_GAGGCCCGCGTTCTGCG,SLC7A2|8|17497088|17570573|1,1940,1956,+,9.87156,7.190000000000001e-05,,CGGCCCCGCGCCCCGCC
Improbizer_GAGGCCCGCGTTCTGCG,HES2|1|6412418|6424670|-1,1581,1597,+,10.0917,6.53e-05,,GCGGGCCGCGTGGTGCA
Improbizer_GAGGCCCGCGTTCTGCG,HES2|1|6412418|6424670|-1,1599,1615,+,15.0917,4.29e-06,,GGGCAGCGCGTCCAGCG
Improbizer_GAGGCCCGCGTTCTGCG,HES2|1|6412418|6424670|-1,1902,1918,+,10.8807,4.57e-05,,GGAGCCCGCGGACGCCG
Improbizer_GAGGCCCGCGTTCTGCG,RPL7A|9|133348214|133351426|1,1730,1746,+,18.5229,2.48e-07,,AGACGCCGCGTCCGCCG
Improbizer_GAGGCCCGCGTTCTGCG,RPS15|19|1438358|1440494|1,1938,1954,+,16.6422,1.35e-06,,AGGGCGCGTGTTCGCCG
Improbizer_GAGGCCCGCGTTCTGCG,RPS12|6|132814441|132817564|1,1919,1935,+,14.6697,5.69e-06,,GCTGCCCGCGTAGTGCC
Improbizer_GAGGCCCGCGTTCTGCG,BBS12|4|122732702|122744943|1,1964,1980,+,15.1743,4.05e-06,,CAGCCCGGCGTTAAGCG
Improbizer_GAGGCCCGCGTTCTGCG,PIFO|1|111346288|111353013|1,1600,1616,+,11.367,3.63e-05,,AAGTACCACGTTCTGAA
Improbizer_GAGGCCCGCGTTCTGCG,AFF2|X|148500619|149000663|1,1503,1519,+,10.3578,5.7999999999999994e-05,,GGTGACCGCCTTCTCCT
Improbizer_GAGGCCCGCGTTCTGCG,AFF2|X|148500619|149000663|1,1725,1741,+,19.2294,1.1900000000000001e-07,,GAAGCCCGCGTCCTGGT
Improbizer_GAGGCCCGCGTTCTGCG,RPL12|9|127447674|127451405|-1,1951,1967,+,15.7248,2.73e-06,,GATAGCCGCGTTTTCCT
Homer_12_5,SLC7A2|8|17497088|17570573|1,1736,1747,+,11.5918,3.86e-05,,CCTCGCGCGCAG
Homer_12_5,SLC7A2|8|17497088|17570573|1,1825,1836,+,9.34694,7.62e-05,,CCCGCTGAGCAG
Homer_12_5,HES2|1|6412418|6424670|-1,1136,1147,+,15.7449,4.76e-06,,CCCGGTACACAC
Homer_12_5,HES2|1|6412418|6424670|-1,1679,1690,+,13.1327,2.0600000000000003e-05,,CCTGCCGCGCCG
Homer_12_5,HES2|1|6412418|6424670|-1,1798,1809,+,10.4898,5.489999999999999e-05,,CGCGGTGCGGCC
Homer_12_5,HES2|1|6412418|6424670|-1,1858,1869,+,14.5408,1.1e-05,,CGCTCCGCGCTG
Homer_12_5,HES2|1|6412418|6424670|-1,1870,1881,+,9.5,7.28e-05,,CCTGGCGCTCCG
Homer_12_5,HES2|1|6412418|6424670|-1,1875,1886,+,9.07143,8.290000000000001e-05,,CGCTCCGCTCCG
Homer_12_5,RPL7A|9|133348214|133351426|1,206,217,+,15.8776,4.07e-06,,CCCTGTGCACTG
Homer_12_5,RPL7A|9|133348214|133351426|1,247,258,+,13.8571,1.52e-05,,CGCGCTGCTCAG
Homer_12_5,RPL7A|9|133348214|133351426|1,884,895,+,14.0408,1.4000000000000001e-05,,CCCTCTGCACCG
Homer_12_5,RPL7A|9|133348214|133351426|1,1361,1372,+,15.5612,5.67e-06,,CCCGGTGCGCCG
Homer_12_5,RPL7A|9|133348214|133351426|1,1392,1403,+,9.63265,7.01e-05,,CGCGCCGCGCCT
Homer_12_5,RPL7A|9|133348214|133351426|1,1479,1490,+,13.9592,1.4499999999999998e-05,,CGCGGTGCTCAG
Homer_12_5,RPL7A|9|133348214|133351426|1,1821,1832,+,9.58163,7.11e-05,,CCCGCCGCAGTC
Homer_12_5,RPL7A|9|133348214|133351426|1,1840,1851,+,13.5714,1.7199999999999998e-05,,CCCGCCGCGCCG
Homer_12_5,RPL7A|9|133348214|133351426|1,1845,1856,+,10.2347,5.93e-05,,CGCGCCGCGGTC
Homer_12_5,RPS15|19|1438358|1440494|1,177,188,+,11.3061,4.2499999999999996e-05,,CCCTGTGCAGTG
Homer_12_5,RPS12|6|132814441|132817564|1,803,814,+,9.13265,8.13e-05,,CCTGGTGCTCTT
Homer_12_5,RPS12|6|132814441|132817564|1,841,852,+,9.95918,6.38e-05,,CGCTGCACTCAC
Homer_12_5,PIFO|1|111346288|111353013|1,1966,1977,+,16.551,1.42e-06,,CCCGGTACGCTG
Homer_12_5,AFF2|X|148500619|149000663|1,1531,1542,+,15.8571,4.15e-06,,CGTGCTACGCAC
Homer_12_5,RPL12|9|127447674|127451405|-1,1107,1118,+,9.91837,6.459999999999998e-05,,CCTTCTGCTCCC
Homer_12_5,RPL12|9|127447674|127451405|-1,1849,1860,+,8.63265,9.620000000000001e-05,,CGCGGTGCCCTG
Improbizer_TGTTACAGTATCT,SLC7A2|8|17497088|17570573|1,518,530,+,12.2569,3.66e-05,,AGTGGCACTATCT
Improbizer_TGTTACAGTATCT,RPL7A|9|133348214|133351426|1,1943,1955,+,12.4128,3.3799999999999995e-05,,CGTGCCGGTATCA
Improbizer_TGTTACAGTATCT,RPS15|19|1438358|1440494|1,1675,1687,+,17.367,2.8e-07,,TGCTCCAGTATCT
Improbizer_TGTTACAGTATCT,RPS12|6|132814441|132817564|1,856,868,+,16.8716,5.6e-07,,TCTAACAGTATCT
Improbizer_TGTTACAGTATCT,BBS12|4|122732702|122744943|1,186,198,+,15.7431,2.68e-06,,ACTTCCAGTATCA
Improbizer_TGTTACAGTATCT,PIFO|1|111346288|111353013|1,704,716,+,11.1284,6.28e-05,,GTCTACAGTATTC
Improbizer_TGTTACAGTATCT,AFF2|X|148500619|149000663|1,1332,1344,+,15.8807,2.12e-06,,TTTAACAGTATCC
Improbizer_TGTTACAGTATCT,RPL12|9|127447674|127451405|-1,785,797,+,12.055,4.1e-05,,TAGTACAGTACCT
DME_CACYYTGRGM,SLC7A2|8|17497088|17570573|1,1122,1131,+,17.9512,8.96e-07,,CACTTTGGGA
DME_CACYYTGRGM,HES2|1|6412418|6424670|-1,142,151,+,4.76829,9.23e-05,,CTCTCTGGGC
DME_CACYYTGRGM,RPL7A|9|133348214|133351426|1,1057,1066,+,17.9512,8.96e-07,,CACTTTGGGA
DME_CACYYTGRGM,RPS15|19|1438358|1440494|1,1040,1049,+,17.9512,8.96e-07,,CACTTTGGGA
DME_CACYYTGRGM,RPS12|6|132814441|132817564|1,1378,1387,+,5.817069999999999,3.86e-05,,CATTTTGGGA
DME_CACYYTGRGM,BBS12|4|122732702|122744943|1,1150,1159,+,15.0244,9.9e-06,,CACCCTGGGC
DME_CACYYTGRGM,PIFO|1|111346288|111353013|1,209,218,+,17.2927,1.6e-06,,CACTTTGGGC
DME_CACYYTGRGM,PIFO|1|111346288|111353013|1,1281,1290,+,5.426830000000001,5.21e-05,,CCCTCTGGGA
DME_CACYYTGRGM,AFF2|X|148500619|149000663|1,300,309,+,16.6585,3.45e-06,,CACTTTGAGA
DME_CACYYTGRGM,RPL12|9|127447674|127451405|-1,59,68,+,17.9512,8.96e-07,,CACTTTGGGA
DME_CACYYTGRGM,RPL12|9|127447674|127451405|-1,1348,1357,+,6.451219999999999,1.89e-05,,CACGTTGGGA
AAAAWTAYMMAAAT_14,SLC7A2|8|17497088|17570573|1,212,225,+,7.547619999999999,2.4e-05,,AAAATTAGACAAAG
AAAAWTAYMMAAAT_14,HES2|1|6412418|6424670|-1,603,616,+,13.0,6.69e-06,,AATTTCATCCAAAT
AAAAWTAYMMAAAT_14,RPL7A|9|133348214|133351426|1,1141,1154,+,21.7262,1.4099999999999999e-08,,AAAAATACAAAAAT
AAAAWTAYMMAAAT_14,RPS15|19|1438358|1440494|1,1131,1144,+,10.4405,1.05e-05,,AAAAATACAAAATT
AAAAWTAYMMAAAT_14,RPS12|6|132814441|132817564|1,1464,1477,+,18.8452,4.21e-07,,AAAAATACAAAAAA
AAAAWTAYMMAAAT_14,BBS12|4|122732702|122744943|1,77,90,+,12.0476,8.09e-06,,AATTACATATAAAT
AAAAWTAYMMAAAT_14,BBS12|4|122732702|122744943|1,92,105,+,17.3095,1.27e-06,,ATAATTATAAAAAT
AAAAWTAYMMAAAT_14,BBS12|4|122732702|122744943|1,1382,1395,+,4.91667,6.759999999999999e-05,,AATATCAAATAAAT
AAAAWTAYMMAAAT_14,PIFO|1|111346288|111353013|1,465,478,+,16.869,1.67e-06,,AATATTACCTAAAT
AAAAWTAYMMAAAT_14,PIFO|1|111346288|111353013|1,971,984,+,5.797619999999999,4.8700000000000005e-05,,AATTATACAATAAT
AAAAWTAYMMAAAT_14,RPL12|9|127447674|127451405|-1,145,158,+,18.7619,4.6799999999999996e-07,,AAAAATACACAAAG
AAAAWTAYMMAAAT_14,RPL12|9|127447674|127451405|-1,314,327,+,6.69048,3.41e-05,,AATAATAAATAAAT
AAAAWTAYMMAAAT_14,RPL12|9|127447674|127451405|-1,318,331,+,5.5,5.4600000000000006e-05,,ATAAATAAATAAAT
