#pattern name,sequence name,start,stop,strand,score,p-value,matched sequence
Weeder_2,ENPP4|6|46129993|46146699|1,1775,1784,+,5.4878,9.279999999999999e-05,CCAGATCTAG
Weeder_2,CA12|15|63321378|63382161|-1,1806,1815,+,16.8293,3.48e-06,CGAGATCACG
Weeder_2,ANK1|8|41653220|41896762|-1,1602,1611,+,5.573169999999999,7.509999999999998e-05,CGCGATGTCG
Weeder_2,ECE1|1|21217247|21345504|-1,1979,1988,+,5.84146,5.0900000000000004e-05,CGCGAGCTCG
Weeder_2,ZDHHC7|16|84974181|85011535|-1,672,681,+,16.9268,2.69e-06,CGCGATCTCG
Weeder_2,CHST15|10|124007666|124093607|-1,1709,1718,+,17.1341,1.38e-06,CGAGATCGCG
Weeder_2,TSPAN1|1|46175073|46185958|1,1498,1507,+,16.9512,2.1000000000000002e-06,CCAGATCTCG
Weeder_2,PPP1R14C|6|150143076|150250357|1,798,807,+,18.9024,7.45e-07,CGAGATCTCG
Weeder_2,PPP1R14C|6|150143076|150250357|1,1848,1857,+,6.47561,3.26e-05,CCAGATCCCG
Weeder_2,NQO1|16|69706996|69726951|-1,1443,1452,+,14.6341,8.97e-06,CACGATCTCG
Weeder_2,TMEM30B|14|61277370|61281840|-1,165,174,+,16.6098,4.39e-06,CAAGATCTCG
Weeder_2,CLIC1|6|31730581|31739763|-1,1245,1254,+,5.939019999999999,4.49e-05,CCAGGTCTCG
Improbizer_CTTTCACCTATAATTCCACC,ENPP4|6|46129993|46146699|1,1299,1318,+,11.6964,3.2e-05,TGTTAGCGAATAATTCTACT
Improbizer_CTTTCACCTATAATTCCACC,GCLC|6|53497341|53616970|-1,878,897,+,16.25,1.57e-06,CTCTTGCTTATAATTCTAAC
Improbizer_CTTTCACCTATAATTCCACC,CA12|15|63321378|63382161|-1,1160,1179,+,18.2143,2.96e-07,TCAACGCCTGTAATCCCAGC
Improbizer_CTTTCACCTATAATTCCACC,CA12|15|63321378|63382161|-1,1280,1299,+,15.5625,2.65e-06,CGCGTGCCTGTAATCCCAGC
Improbizer_CTTTCACCTATAATTCCACC,CA12|15|63321378|63382161|-1,1594,1613,+,17.4732,5.74e-07,TGGGCGCCTGTAATCCCAGC
Improbizer_CTTTCACCTATAATTCCACC,CA12|15|63321378|63382161|-1,1726,1745,+,15.4732,2.83e-06,CATGTGCCTGTAATCCCAGC
Improbizer_CTTTCACCTATAATTCCACC,PGK1|X|78065188|78129296|1,228,247,+,16.7143,1.08e-06,CTCACTTCAGAAATTCCACC
Improbizer_CTTTCACCTATAATTCCACC,PGK1|X|78065188|78129296|1,449,468,+,16.6964,1.1e-06,TTTAAAAATGTAATTCCAAG
Improbizer_CTTTCACCTATAATTCCACC,ANK1|8|41653220|41896762|-1,1337,1356,+,15.0536,3.83e-06,TTTTCATCTATAATTCGGAA
Improbizer_CTTTCACCTATAATTCCACC,ECE1|1|21217247|21345504|-1,1214,1233,+,14.3839,6.1e-06,CCTTCACATATAAACACACG
Improbizer_CTTTCACCTATAATTCCACC,SYNPO|5|150601080|150659220|1,53,72,+,12.4464,2.08e-05,TCTCAACACAAAATTCCAGA
Improbizer_CTTTCACCTATAATTCCACC,ZDHHC7|16|84974181|85011535|-1,9,28,+,12.0536,2.61e-05,CTCATGCCTACAATCCCAGC
Improbizer_CTTTCACCTATAATTCCACC,ZDHHC7|16|84974181|85011535|-1,144,163,+,17.1161,7.78e-07,CGGGCCCCTGTAATTCCAGC
Improbizer_CTTTCACCTATAATTCCACC,CHST15|10|124007666|124093607|-1,1459,1478,+,23.0089,9.470000000000001e-10,CTTACGCCTGTAATCCCAGC
Improbizer_CTTTCACCTATAATTCCACC,CHST15|10|124007666|124093607|-1,1597,1616,+,14.1875,6.96e-06,CGCATGCCTGTAATCCCGGC
Improbizer_CTTTCACCTATAATTCCACC,TSPAN1|1|46175073|46185958|1,268,287,+,13.0625,1.4300000000000002e-05,CACTGAGCTATAATTCCTCT
Improbizer_CTTTCACCTATAATTCCACC,PPP1R14C|6|150143076|150250357|1,585,604,+,23.2946,5.94e-10,CTCACACCTGTAATCCCAGC
Improbizer_CTTTCACCTATAATTCCACC,PPP1R14C|6|150143076|150250357|1,718,737,+,16.7857,1.02e-06,CGAAAGCCTGTAATCCCAGC
Improbizer_CTTTCACCTATAATTCCACC,NQO1|16|69706996|69726951|-1,369,388,+,14.6607,5.05e-06,CACATGCCTGTAATCCTAGC
Improbizer_CTTTCACCTATAATTCCACC,NQO1|16|69706996|69726951|-1,1142,1161,+,19.4286,9.08e-08,CTCATGCCTGTAATCCCAGC
Improbizer_CTTTCACCTATAATTCCACC,DNAJB9|7|108569568|108574850|1,50,69,+,16.5982,1.19e-06,TTGTCTTATGTAATTCCCCA
Improbizer_CTTTCACCTATAATTCCACC,PDGFC|4|156760454|156971394|-1,425,444,+,12.0625,2.6000000000000002e-05,CTTCATTTTAAAATTCAACT
Improbizer_CTTTCACCTATAATTCCACC,TMEM30B|14|61277370|61281840|-1,687,706,+,23.1071,8.08e-10,CTCACACCTATAATCCCAAC
Improbizer_CTTTCACCTATAATTCCACC,CLIC1|6|31730581|31739763|-1,98,117,+,15.3393,3.12e-06,CTCACACCTGTAGTCCCAGC
Improbizer_CTTTCACCTATAATTCCACC,CLIC1|6|31730581|31739763|-1,236,255,+,12.625,1.87e-05,CACACGCCTGTAGTCCCAGC
Improbizer_CTTTCACCTATAATTCCACC,CLIC1|6|31730581|31739763|-1,662,681,+,10.125,7.390000000000001e-05,ATGTCTTATATAATTTAATC
DECOD_Motif2_8,ENPP4|6|46129993|46146699|1,1186,1193,+,11.8214,7.46e-05,TAAATTCA
DECOD_Motif2_8,GCLC|6|53497341|53616970|-1,1629,1636,+,11.8571,4.79e-05,TGAATTTA
DECOD_Motif2_8,ANK1|8|41653220|41896762|-1,393,400,+,11.8571,4.79e-05,TGAATTTA
DECOD_Motif2_8,ZDHHC7|16|84974181|85011535|-1,475,482,+,11.8571,4.79e-05,TGAATTTA
DECOD_Motif2_8,NQO1|16|69706996|69726951|-1,758,765,+,11.7024,9.17e-05,TGAATTCC
DECOD_Motif2_8,DNAJB9|7|108569568|108574850|1,114,121,+,11.7024,9.17e-05,TGAATTCC
DECOD_Motif2_8,DNAJB9|7|108569568|108574850|1,280,287,+,11.8214,7.46e-05,TAAATTCA
DECOD_Motif2_8,PDGFC|4|156760454|156971394|-1,1032,1039,+,14.5357,2.17e-05,TGAATTCA
DECOD_Motif2_8,TMEM30B|14|61277370|61281840|-1,824,831,+,11.7024,9.17e-05,TGAATTCC
DECOD_Motif2_8,CLIC1|6|31730581|31739763|-1,575,582,+,11.7024,9.17e-05,TGAATTCC
DME_MCTTKAGG,ENPP4|6|46129993|46146699|1,1061,1068,+,13.8902,4.66e-05,ACTTGAGG
DME_MCTTKAGG,GCLC|6|53497341|53616970|-1,462,469,+,3.3536599999999996,8.96e-05,GCTTTAGG
DME_MCTTKAGG,CA12|15|63321378|63382161|-1,1180,1187,+,14.5122,1.76e-05,ACTTTAGG
DME_MCTTKAGG,CA12|15|63321378|63382161|-1,1479,1486,+,14.5122,1.76e-05,ACTTTAGG
DME_MCTTKAGG,PGK1|X|78065188|78129296|1,1166,1173,+,13.378,5.85e-05,CCTTGAGG
DME_MCTTKAGG,ZDHHC7|16|84974181|85011535|-1,490,497,+,14.0,3.15e-05,CCTTTAGG
DME_MCTTKAGG,ZDHHC7|16|84974181|85011535|-1,927,934,+,3.3536599999999996,8.96e-05,TCTTTAGG
DME_MCTTKAGG,TSPAN1|1|46175073|46185958|1,1835,1842,+,14.0,3.15e-05,CCTTTAGG
DME_MCTTKAGG,PPP1R14C|6|150143076|150250357|1,511,518,+,14.0,3.15e-05,CCTTTAGG
DME_MCTTKAGG,NQO1|16|69706996|69726951|-1,1780,1787,+,13.378,5.85e-05,CCTTGAGG
DME_MCTTKAGG,PDGFC|4|156760454|156971394|-1,604,611,+,14.5122,1.76e-05,ACTTTAGG
DME_MCTTKAGG,TMEM30B|14|61277370|61281840|-1,552,559,+,14.0,3.15e-05,CCTTTAGG
DME_MCTTKAGG,TMEM30B|14|61277370|61281840|-1,1253,1260,+,13.378,5.85e-05,CCTTGAGG
DME_MCTTKAGG,CLIC1|6|31730581|31739763|-1,118,125,+,14.5122,1.76e-05,ACTTTAGG
DME_TRKGTGTT,GCLC|6|53497341|53616970|-1,1453,1460,+,12.4756,6.78e-05,TAGGTGTT
DME_TRKGTGTT,PGK1|X|78065188|78129296|1,396,403,+,13.5854,5.05e-05,TGGGTGTT
DME_TRKGTGTT,ANK1|8|41653220|41896762|-1,258,265,+,14.7683,1.64e-05,TGTGTGTT
DME_TRKGTGTT,SYNPO|5|150601080|150659220|1,1776,1783,+,14.7683,1.64e-05,TGTGTGTT
DME_TRKGTGTT,ZDHHC7|16|84974181|85011535|-1,1305,1312,+,13.6585,3.65e-05,TATGTGTT
DME_TRKGTGTT,CHST15|10|124007666|124093607|-1,164,171,+,13.6585,3.65e-05,TATGTGTT
DME_TRKGTGTT,TSPAN1|1|46175073|46185958|1,1010,1017,+,13.6585,3.65e-05,TATGTGTT
DME_TRKGTGTT,PPP1R14C|6|150143076|150250357|1,1463,1470,+,14.7683,1.64e-05,TGTGTGTT
DME_TRKGTGTT,PDGFC|4|156760454|156971394|-1,573,580,+,14.7683,1.64e-05,TGTGTGTT
DME_TTWTTYAMWR,GCLC|6|53497341|53616970|-1,1581,1590,+,12.9881,3.05e-05,TTATTTACTA
DME_TTWTTYAMWR,PGK1|X|78065188|78129296|1,1479,1488,+,16.6786,2.3e-06,TTTTTTAAAA
DME_TTWTTYAMWR,PGK1|X|78065188|78129296|1,1480,1489,+,5.03571,7.46e-05,TTTTTAAAAA
DME_TTWTTYAMWR,PGK1|X|78065188|78129296|1,1929,1938,+,4.89286,8.05e-05,TTTTTTTAAA
DME_TTWTTYAMWR,PGK1|X|78065188|78129296|1,1930,1939,+,5.2381,7.020000000000001e-05,TTTTTTAAAC
DME_TTWTTYAMWR,ANK1|8|41653220|41896762|-1,989,998,+,13.3929,2.54e-05,TTTTTCACAA
DME_TTWTTYAMWR,ECE1|1|21217247|21345504|-1,603,612,+,13.3929,2.54e-05,TTTTTCACAA
DME_TTWTTYAMWR,CHST15|10|124007666|124093607|-1,575,584,+,5.452380000000001,5.85e-05,TTGTTTAAAA
DME_TTWTTYAMWR,PPP1R14C|6|150143076|150250357|1,525,534,+,15.7619,4.73e-06,TTATTTAAAA
DME_TTWTTYAMWR,NQO1|16|69706996|69726951|-1,645,654,+,5.03571,7.46e-05,TTTTTAAAAA
DME_TTWTTYAMWR,NQO1|16|69706996|69726951|-1,943,952,+,16.6786,2.3e-06,TTTTTTAAAA
DME_TTWTTYAMWR,DNAJB9|7|108569568|108574850|1,245,254,+,16.6786,2.3e-06,TTTTTTAAAA
DME_TTWTTYAMWR,DNAJB9|7|108569568|108574850|1,246,255,+,5.03571,7.46e-05,TTTTTAAAAA
DME_TTWTTYAMWR,TMEM30B|14|61277370|61281840|-1,1811,1820,+,14.1905,1.64e-05,TTATTTAAAG
DME_GGCTSWAG,ENPP4|6|46129993|46146699|1,1605,1612,+,13.939,3.74e-05,GGCTGAAG
DME_GGCTSWAG,GCLC|6|53497341|53616970|-1,329,336,+,13.939,3.74e-05,GGCTGAAG
DME_GGCTSWAG,GCLC|6|53497341|53616970|-1,549,556,+,14.8293,1.25e-05,GGCTCAAG
DME_GGCTSWAG,PGK1|X|78065188|78129296|1,983,990,+,3.8414599999999997,6.97e-05,GGCTCCAG
DME_GGCTSWAG,PGK1|X|78065188|78129296|1,1552,1559,+,13.5976,4.96e-05,GGCTGTAG
DME_GGCTSWAG,ANK1|8|41653220|41896762|-1,884,891,+,14.4878,2.44e-05,GGCTCTAG
DME_GGCTSWAG,SERPINE2|2|223975112|224039319|-1,523,530,+,14.4878,2.44e-05,GGCTCTAG
DME_GGCTSWAG,SYNPO|5|150601080|150659220|1,326,333,+,13.5976,4.96e-05,GGCTGTAG
DME_GGCTSWAG,SYNPO|5|150601080|150659220|1,1655,1662,+,3.8414599999999997,6.97e-05,GGCTCCAG
DME_GGCTSWAG,CHST15|10|124007666|124093607|-1,1406,1413,+,3.8414599999999997,6.97e-05,GGCTCCAG
DME_GGCTSWAG,NQO1|16|69706996|69726951|-1,768,775,+,14.8293,1.25e-05,GGCTCAAG
DME_GGCTSWAG,NQO1|16|69706996|69726951|-1,1019,1026,+,14.8293,1.25e-05,GGCTCAAG
DME_GGCTSWAG,DNAJB9|7|108569568|108574850|1,1348,1355,+,14.4878,2.44e-05,GGCTCTAG
DME_GGCTSWAG,TMEM30B|14|61277370|61281840|-1,206,213,+,14.8293,1.25e-05,GGCTCAAG
DME_GGCTSWAG,TMEM30B|14|61277370|61281840|-1,739,746,+,14.8293,1.25e-05,GGCTCAAG
DME_GGCTSWAG,CLIC1|6|31730581|31739763|-1,830,837,+,13.939,3.74e-05,GGCTGAAG
DME_TGAGGTCW,GCLC|6|53497341|53616970|-1,749,756,+,15.6463,1.51e-05,TGAGGTCA
DME_TGAGGTCW,CA12|15|63321378|63382161|-1,1509,1516,+,15.6463,1.51e-05,TGAGGTCA
DME_TGAGGTCW,CA12|15|63321378|63382161|-1,1644,1651,+,12.0488,4.2e-05,TGAGGTCG
DME_TGAGGTCW,PGK1|X|78065188|78129296|1,371,378,+,4.03659,9.41e-05,TGAGGTCC
DME_TGAGGTCW,PGK1|X|78065188|78129296|1,721,728,+,15.6463,1.51e-05,TGAGGTCA
DME_TGAGGTCW,PGK1|X|78065188|78129296|1,1116,1123,+,15.6463,1.51e-05,TGAGGTCA
DME_TGAGGTCW,SYNPO|5|150601080|150659220|1,1194,1201,+,12.7805,2.98e-05,TGACGTCA
DME_TGAGGTCW,ZDHHC7|16|84974181|85011535|-1,1976,1983,+,12.7805,2.98e-05,TGACGTCA
DME_TGAGGTCW,CHST15|10|124007666|124093607|-1,1509,1516,+,12.0488,4.2e-05,TGAGGTCG
DME_TGAGGTCW,PPP1R14C|6|150143076|150250357|1,633,640,+,15.6463,1.51e-05,TGAGGTCA
DME_TGAGGTCW,NQO1|16|69706996|69726951|-1,419,426,+,15.6463,1.51e-05,TGAGGTCA
DME_TGAGGTCW,NQO1|16|69706996|69726951|-1,1192,1199,+,12.0488,4.2e-05,TGAGGTCG
DME_TGAGGTCW,TMEM30B|14|61277370|61281840|-1,1256,1263,+,15.6463,1.51e-05,TGAGGTCA
