GeneName1	GeneName2	chr1	Breakpoint1	strand1	chr2	Breakpoint2	strand2	EnsemblGene1	EnsemblGene2	crossingreads	spanningreads	mean.insertsize	homology	fusiontype	InfoGene1	InfoGene2	JunctionSequence	GeneExpr1	GeneExpr2	GeneExpr_Fused	ES	GJS	US	EricScore
FKBP10	GNB5	17	Unable to predict breakpoint position	+	15	Unable to predict breakpoint position	-	ENSG00000141756	ENSG00000069966	4	7	94	More than 30 homologies found: ENSG00000184047 (101%), ENSG00000168758 (96%), ENSG00000125347 (96%), ENSG00000163644 (103%), ENSG00000236149 (96%), ENSG00000232169 (96%), ENSG00000206490 (96%), ENSG00000197930 (69%), ENSG00000145375 (74%), ENSG00000171453 (67%), ENSG00000147853 (70%), ENSG00000196505 (78%), ENSG00000149554 (62%), ENSG00000109917 (67%), ENSG00000239789 (63%), ENSG00000020922 (79%), ENSG00000117602 (61%), ENSG00000153721 (57%), ENSG00000013364 (69%), ENSG00000232367 (66%), ENSG00000226173 (66%), ENSG00000206297 (66%), ENSG00000168394 (66%), ENSG00000136213 (66%), ENSG00000110628 (69%), ENSG00000160991 (58%), ENSG00000171574 (59%), ENSG00000172375 (57%), ENSG00000276130 (68%), ENSG00000198466 (59%)	inter-chromosomal	FK506 binding protein 10 [Source:HGNC Symbol;Acc:HGNC:18169]	guanine nucleotide binding protein (G protein), beta 5 [Source:HGNC Symbol;Acc:HGNC:4401]	cagcctgggtgacagagcgagactctgtctcaaaaaaaaaaaaaaaaaaaAAAAATTAGCCGGGCGTGGTGGCGGGCGCCTGTAGTCCCAGCTACTCGGA	39.66	6.79	44.08	0.8514	0.6825	0.571428571428571	0.979219835233529
TSFM	GDE1	12	57796728	+	16	19502403	-	ENSG00000123297	ENSG00000006007	3	2	182.75		inter-chromosomal	Ts translation elongation factor, mitochondrial [Source:HGNC Symbol;Acc:HGNC:12367]	glycerophosphodiester phosphodiesterase 1 [Source:HGNC Symbol;Acc:HGNC:29644]	gcatgggtaaaattattaaatagttgtataataaaaataattttttccttAAAAAAAAAAAAAAAAAAAAAAAAAAAAAGATAACTAGAACTTCTAGAAC	9.53	29.8	27.68	0.8883	0.6863	0.666666666666667	0.977453379057379
STAG3L5P-PVRIG2P-PILRB	STAG3	7	100338887	+	7	100197154	+	ENSG00000272752	ENSG00000066923	37	20	434.43		intra-chromosomal	STAG3L5P-PVRIG2P-PILRB readthrough [Source:HGNC Symbol;Acc:HGNC:48898]	stromal antigen 3 [Source:HGNC Symbol;Acc:HGNC:11356]	accagccaatgatcttttcaatgctgcgaaagctgccaaaagtgacatgcAGGGATGTCCTTCCTGAGATCCGTGCTATCTGCATTGAGGAAATTGGGTG	0.54	1.43	34.81	0.7325	0.7498	0.540540540540541	0.976479026472256
FAM107A	MIPOL1	3	58565427	-	14	Unable to predict breakpoint position	+	ENSG00000168309	ENSG00000151338	3	5	181.44	ENSG00000219626 (51%), ENSG00000150477 (51%), ENSG00000003436 (50%), ENSG00000156218 (51%), ENSG00000112096 (51%), ENSG00000122484 (46%), ENSG00000156030 (33%), ENSG00000198380 (37%)	inter-chromosomal	family with sequence similarity 107 member A [Source:HGNC Symbol;Acc:HGNC:30827]	mirror-image polydactyly 1 [Source:HGNC Symbol;Acc:HGNC:21460]	cgatgcaattctagccaaaaaaaaaaaaaaaaaaaaaaaaatttttttttAAATGGGCTAAATGCCCCAATTAAAAGACACAGACTGGCAAATTGGATAA	8.01	4.44	27.46	0.6235	0.7435	0.6	0.97430909939811
MDH1	METTL17	2	63598168	+	14	20993517	+	ENSG00000014641	ENSG00000165792	4	3	353.5	More than 30 homologies found: ENSG00000237333 (76%), ENSG00000235569 (76%), ENSG00000235222 (76%), ENSG00000233345 (76%), ENSG00000230293 (76%), ENSG00000227314 (76%), ENSG00000204410 (76%), ENSG00000166123 (102%), ENSG00000093183 (85%), ENSG00000163749 (92%), ENSG00000109063 (85%), ENSG00000138675 (89%), ENSG00000167332 (87%), ENSG00000146966 (91%), ENSG00000137221 (84%), ENSG00000101247 (95%), ENSG00000116830 (96%), ENSG00000075420 (89%), ENSG00000129691 (75%), ENSG00000145740 (82%), ENSG00000177181 (86%), ENSG00000111540 (85%), ENSG00000183597 (84%), ENSG00000197299 (84%), ENSG00000160551 (98%), ENSG00000189403 (84%), ENSG00000136731 (96%), ENSG00000171815 (91%), ENSG00000151247 (89%), ENSG00000205084 (83%)	inter-chromosomal	malate dehydrogenase 1 [Source:HGNC Symbol;Acc:HGNC:6970]	methyltransferase like 17 [Source:HGNC Symbol;Acc:HGNC:19280]	attttttattaatttttttaatttttttgagacggagtcttgctctgtcaCCAGGCTGGAGTGCAGTGGCACAATCTCGGCTCACTGCAGCCTCCACTCC	39.65	9.71	6.52	0.8649	0.5958	0.75	0.973587841085005
DLAT	CYBA	11	112064125	+	16	88646838	-	ENSG00000150768	ENSG00000051523	4	13	236.78	ENSG00000150773 (31%)	inter-chromosomal	dihydrolipoamide S-acetyltransferase [Source:HGNC Symbol;Acc:HGNC:2896]	cytochrome b-245, alpha polypeptide [Source:HGNC Symbol;Acc:HGNC:2577]	ttatccaaaagaaacaagcttatcacaaggggctccaccatggagcgctgGGGACAGAAGTACATGACCGCCGTGGTGAAGCTGTTCGGGCCCTTTACCA	17.71	35.34	18.48	0.8586	0.6044	0.307692307692308	0.97143957349214
POLR1C	ZNF234	6	Unable to predict breakpoint position	+	19	44159640	+	ENSG00000171453	ENSG00000263002	3	5	189.67	More than 30 homologies found: ENSG00000013364 (50%), ENSG00000131943 (53%), ENSG00000011295 (56%), ENSG00000100142 (51%), ENSG00000135127 (54%), ENSG00000112200 (55%), ENSG00000163792 (53%), ENSG00000169169 (53%), ENSG00000176406 (54%), ENSG00000145012 (54%), ENSG00000119906 (48%), ENSG00000163328 (46%), ENSG00000155463 (44%), ENSG00000123600 (52%), ENSG00000132780 (55%), ENSG00000140749 (56%), ENSG00000146054 (48%), ENSG00000185163 (54%), ENSG00000189195 (52%), ENSG00000085415 (54%), ENSG00000182318 (53%), ENSG00000139726 (53%), ENSG00000124256 (50%), ENSG00000067365 (50%), ENSG00000124882 (53%), ENSG00000130176 (53%), ENSG00000110628 (50%), ENSG00000119559 (54%), ENSG00000116350 (51%), ENSG00000182983 (42%)	inter-chromosomal	polymerase (RNA) I polypeptide C [Source:HGNC Symbol;Acc:HGNC:20194]	zinc finger protein 234 [Source:HGNC Symbol;Acc:HGNC:13027]	tggctaacatggtgaaaccccgtctctactaaaaaaaaaaaaaaaaaaaaAAATTTTTATCAGCCCCCTTGAATTTATTTGATTTCTGACTTTCCACATT	25.54	4.21	23.5	0.6324	0.8048	0.6	0.969661811086339
PMS2	FAM177A1	7	5973239	-	14	35053339	+	ENSG00000122512	ENSG00000151327	6	7	320.83		inter-chromosomal	PMS1 homolog 2, mismatch repair system component [Source:HGNC Symbol;Acc:HGNC:9122]	family with sequence similarity 177 member A1 [Source:HGNC Symbol;Acc:HGNC:19829]	tacacatcacacccatttaaaagtgatcttgagaaccttttcaaaccagaTCCCAAGGAGAGTCATCCACTTTGTTAGTGGTGAAACAATGGAAGAATAT	8.01	11.32	14.17	0.5107	0.7037	0.857142857142857	0.967393595566895
RPL23A	LCMT2	17	28721106	+	15	43326151	-	ENSG00000198242	ENSG00000168806	9	4	154.81	More than 30 homologies found: ENSG00000270024 (88%), ENSG00000104205 (88%), ENSG00000162836 (89%), ENSG00000076067 (88%), ENSG00000105323 (87%), ENSG00000180448 (87%), ENSG00000008710 (87%), ENSG00000186716 (89%), ENSG00000131732 (88%), ENSG00000162813 (87%), ENSG00000107262 (88%), ENSG00000167914 (88%), ENSG00000076344 (88%), ENSG00000242173 (88%), ENSG00000145996 (90%), ENSG00000169359 (88%), ENSG00000196357 (87%), ENSG00000162458 (88%), ENSG00000128294 (90%), ENSG00000088756 (88%), ENSG00000172175 (87%), ENSG00000281857 (87%), ENSG00000130561 (87%), ENSG00000105953 (87%), ENSG00000103047 (87%), ENSG00000114021 (91%), ENSG00000139218 (97%), ENSG00000214954 (88%), ENSG00000185344 (92%), ENSG00000159322 (88%)	inter-chromosomal	ribosomal protein L23a [Source:HGNC Symbol;Acc:HGNC:10317]	leucine carboxyl methyltransferase 2 [Source:HGNC Symbol;Acc:HGNC:17558]	ggatcagcccagaggccgggcgcggtggctcacgtctgtaatcccagcacTTTGGGAGGCCAAGGCTGGCAGATCACTTGAACTCAGGAGTTGGAGACCA	29.46	2.95	40.19	0.8365	0.8301	0.444444444444444	0.967063012564504
PLP2	RAX2	X	49175239	+	19	3769388	-	ENSG00000102007	ENSG00000173976	3	7	318.28	More than 30 homologies found: ENSG00000160194 (62%), ENSG00000143420 (53%), ENSG00000072958 (51%), ENSG00000116396 (50%), ENSG00000173805 (51%), ENSG00000196712 (51%), ENSG00000054219 (52%), ENSG00000111961 (52%), ENSG00000154582 (48%), ENSG00000013306 (49%), ENSG00000164934 (49%), ENSG00000163644 (61%), ENSG00000214954 (50%), ENSG00000033050 (50%), ENSG00000281526 (50%), ENSG00000187187 (50%), ENSG00000134910 (50%), ENSG00000255112 (50%), ENSG00000256087 (51%), ENSG00000169169 (62%), ENSG00000153246 (51%), ENSG00000160799 (52%), ENSG00000240682 (48%), ENSG00000125375 (48%), ENSG00000053702 (52%), ENSG00000111913 (48%), ENSG00000170088 (48%), ENSG00000173207 (50%), ENSG00000114331 (56%), ENSG00000229415 (49%)	inter-chromosomal	proteolipid protein 2 (colonic epithelium-enriched) [Source:HGNC Symbol;Acc:HGNC:9087]	retina and anterior neural fold homeobox 2 [Source:HGNC Symbol;Acc:HGNC:18286]	ccaggcctgttttacaacaaatattaaattacttcaataatacaaacgagAGGCCAGGTGCGGTGGCTCATGCCTGTAATCCCAGTGCTTTGGGAGGCTG	97.85	0.08	35.7	0.7354	0.6562	0.428571428571429	0.966766224506364
ZNF471	MIPOL1	19	Unable to predict breakpoint position	+	14	37502453	+	ENSG00000196263	ENSG00000151338	5	4	331.99	ENSG00000151413 (101%), ENSG00000139679 (101%), ENSG00000137500 (101%), ENSG00000197852 (98%), ENSG00000272414 (98%), ENSG00000003436 (94%), ENSG00000120210 (74%), ENSG00000066827 (80%), ENSG00000042317 (89%), ENSG00000196600 (75%), ENSG00000111816 (77%), ENSG00000196335 (73%), ENSG00000219626 (75%), ENSG00000152061 (69%), ENSG00000139547 (51%), ENSG00000156218 (52%), ENSG00000106302 (41%)	inter-chromosomal	zinc finger protein 471 [Source:HGNC Symbol;Acc:HGNC:23226]	mirror-image polydactyly 1 [Source:HGNC Symbol;Acc:HGNC:21460]	acaaagcttccagaggaaggaacaggcagcaatctttgctgttctgcagcCTCTGCTGGTGATACCCAGGCAAACAGGGTTTGGGTGGACCTCCAGCAAA	5.25	4.44	33.59	0.5335	0.7317	0.8	0.965555870423564
EMC3	CIDEC	3	9986510	-	3	9870072	-	ENSG00000125037	ENSG00000187288	5	9	307.73		intra-chromosomal	ER membrane protein complex subunit 3 [Source:HGNC Symbol;Acc:HGNC:23999]	cell death-inducing DFFA-like effector c [Source:HGNC Symbol;Acc:HGNC:24229]	tccatcctgctgcagagcgacaagaagctcacccaggaacaagtatctgaCAGGGGACAAGGCACCCACTGTCCCTCTCCCATAAGCCTGCCAAGAAGAT	17.72	0.9	35.83	0.8167	0.6808	0.555555555555556	0.964863484500097
PRKRIP1	PMS2	7	102376322	+	7	6006031	-	ENSG00000128563	ENSG00000122512	5	4	340.27	ENSG00000265479 (51%), ENSG00000272968 (57%), ENSG00000146587 (50%), ENSG00000196313 (50%)	intra-chromosomal	PRKR interacting protein 1 (IL11 inducible) [Source:HGNC Symbol;Acc:HGNC:21894]	PMS1 homolog 2, mismatch repair system component [Source:HGNC Symbol;Acc:HGNC:9122]	agaggagccgtggataatggaaggtgaatttccatgtcaacatagtccagTACAGAACCTGCTAAGGCCATCAAACCTATTGATCGGAAGTCAGTCCATC	10.4	8.01	31.06	0.5759	0.8453	0.8	0.96391750174828
LRRC37B	SMURF2	17	32050226	+	17	64586173	-	ENSG00000185158	ENSG00000108854	3	4	433.62		intra-chromosomal	leucine rich repeat containing 37B [Source:HGNC Symbol;Acc:HGNC:29070]	SMAD specific E3 ubiquitin protein ligase 2 [Source:HGNC Symbol;Acc:HGNC:16809]	ctgaaaaccaacgtcactttcccacttgacattcttcttctgtcatttaaTAGTAAGTCTTCAGTCCAGAGACCGAATAGGCACAGGAGGACAAGTTGTG	4.73	9.61	22.42	0.4355	0.5713	0.75	0.963774513501074
CTPS2	BECN1	X	16589008	-	17	42813794	-	ENSG00000047230	ENSG00000126581	4	3	306		inter-chromosomal	CTP synthase 2 [Source:HGNC Symbol;Acc:HGNC:2520]	beclin 1, autophagy related [Source:HGNC Symbol;Acc:HGNC:1034]	taaaggtaatttgatacaatattttaaataattttgtgcatgaaacaaagAGTTTTGGGGGTCTTGTAGACAGAAATCAGGTTTTGACAGTCTGTTGAGA	10.14	9.71	32.45	0.4532	0.5721	0.75	0.963774513501074
FBXO25	SEPT14	8	435707	+	7	55796092	-	ENSG00000147364	ENSG00000154997	6	3	411.67		inter-chromosomal	F-box protein 25 [Source:HGNC Symbol;Acc:HGNC:13596]	septin 14 [Source:HGNC Symbol;Acc:HGNC:33280]	acttctcaagtgcaattcaagatatccgaaggttcaattatgtggtcaaaCTGCAGGACAAGTTCGAGCATCTTAAAATGATTCAACAGGAGGAGATAAG	5.44	2.69	12.32	0.8478	0.659	0.5	0.963364931297098
ADAP2	RNF135	17	30959004	+	17	30984617	+	ENSG00000184060	ENSG00000181481	10	4	288		Read-Through	ArfGAP with dual PH domains 2 [Source:HGNC Symbol;Acc:HGNC:16487]	ring finger protein 135 [Source:HGNC Symbol;Acc:HGNC:21158]	tgcgtaagcctgtgtccttcctgaagcttctcgactgcccagatagggagGTGGCAGTAGAGAAGAGCATCACAGAAGTTGCTCAGGAGCTGACAGAGCT	10.7	9.43	31.77	0.6926	0.6113	0.4	0.959068265195461
GTF2F1	PSPN	19	6379569	-	19	6379058	-	ENSG00000125651	ENSG00000125650	4	6	336	More than 30 homologies found: ENSG00000183520 (50%), ENSG00000135679 (50%), ENSG00000090382 (50%), ENSG00000182378 (50%), ENSG00000108861 (50%), ENSG00000260233 (50%), ENSG00000140451 (50%), ENSG00000116288 (50%), ENSG00000113569 (50%), ENSG00000244694 (50%), ENSG00000197816 (50%), ENSG00000167196 (50%), ENSG00000166263 (50%), ENSG00000151657 (50%), ENSG00000204923 (50%), ENSG00000171320 (50%), ENSG00000169213 (50%), ENSG00000166803 (50%), ENSG00000151789 (50%), ENSG00000137501 (50%), ENSG00000149485 (50%), ENSG00000080371 (50%), ENSG00000167393 (50%), ENSG00000131626 (50%), ENSG00000109381 (50%), ENSG00000174442 (50%), ENSG00000172689 (50%), ENSG00000122787 (50%), ENSG00000151773 (50%), ENSG00000182670 (50%)	Read-Through	general transcription factor IIF subunit 1 [Source:HGNC Symbol;Acc:HGNC:4652]	persephin [Source:HGNC Symbol;Acc:HGNC:9579]	tgggtgacagtgagactctgtctcaataaataaaaaataataataaattgCAGCCTCCCGAGTAGCTGGGATTACGGGCGCCCGCCACCGCGCCTGGCTA	51.2	3.12	29.73	0.4575	0.5866	0.666666666666667	0.947377318306919
DNAJC7	CNP	17	Unable to predict breakpoint position	-	17	41970681	+	ENSG00000168259	ENSG00000173786	5	2	347.11	More than 30 homologies found: ENSG00000148660 (49%), ENSG00000281601 (49%), ENSG00000128000 (49%), ENSG00000075142 (45%), ENSG00000179841 (49%), ENSG00000262634 (49%), ENSG00000154839 (49%), ENSG00000215193 (45%), ENSG00000106069 (47%), ENSG00000196787 (46%), ENSG00000104946 (46%), ENSG00000164398 (49%), ENSG00000198740 (43%), ENSG00000171467 (43%), ENSG00000166938 (43%), ENSG00000122335 (43%), ENSG00000240720 (43%), ENSG00000001630 (43%), ENSG00000106384 (46%), ENSG00000167377 (47%), ENSG00000282899 (42%), ENSG00000186529 (42%), ENSG00000117597 (42%), ENSG00000100625 (42%), ENSG00000007968 (42%), ENSG00000141098 (48%), ENSG00000198718 (43%), ENSG00000182378 (43%), ENSG00000150637 (43%), ENSG00000140577 (43%)	Cis	DnaJ heat shock protein family (Hsp40) member C7 [Source:HGNC Symbol;Acc:HGNC:12392]	2',3'-cyclic nucleotide 3' phosphodiesterase [Source:HGNC Symbol;Acc:HGNC:2158]	tgcagtctgggcaacagagcgagactccatctcaaaaaaaaaaaaaaaatTATTTTATTTGTAAAGGAAAACTGGATTTTTCTGCCCAGGATTAGAGCAG	13.54	3.68	14.98	0.7489	0.6725	0.4	0.946236438242706
EFHC1	CCDC122	6	52430343	+	13	43855005	-	ENSG00000096093	ENSG00000151773	4	3	216	ENSG00000117697 (46%), ENSG00000132530 (42%), ENSG00000105792 (38%)	inter-chromosomal	EF-hand domain (C-terminal) containing 1 [Source:HGNC Symbol;Acc:HGNC:16406]	coiled-coil domain containing 122 [Source:HGNC Symbol;Acc:HGNC:26478]	cagagggaatgctttcaacttttccccattcagcattatgttggctgtggGGTTTGTCATAGATGGCTCTTATTATTTTCAGGTATGTTCCTTCAGTACT	20.29	10.06	60.04	0.6814	0.6949	0.75	0.944156276386002
PARG	TIMM23B	10	49857306	-	10	49973012	+	ENSG00000227345	ENSG00000204152	6	9	636.8		Cis	poly(ADP-ribose) glycohydrolase [Source:HGNC Symbol;Acc:HGNC:8605]	translocase of inner mitochondrial membrane 23 homolog B (yeast) [Source:HGNC Symbol;Acc:HGNC:23581]	acggctcttcactgaggtgctggatcacaatgaatgtctaattatcacagTGTCAGAGATGGCTTTGGATTCCCCGTTCTGTGTGCTGCTGTCTGGCTCC	10.21	7.48	12.52	0.607	0.5534	0.666666666666667	0.943457607671131
B4GALT1	SMIM12	9	33111247	-	1	34855436	-	ENSG00000086062	ENSG00000163866	3	2	204.61		inter-chromosomal	UDP-Gal:betaGlcNAc beta 1,4- galactosyltransferase, polypeptide 1 [Source:HGNC Symbol;Acc:HGNC:924]	small integral membrane protein 12 [Source:HGNC Symbol;Acc:HGNC:25154]	ctctaccttttcttgttgttttttttttttttttttttttttttttggttAGGAGAGTTATGAGATGAACATTGGCTGTCAATCTCTGTGGGCAGGCGGT	82.03	5.42	207.13	0.6495	0.9529	0.666666666666667	0.938929969815561
BOLA2B	SMG1	16	30193358	-	16	18879719	-	ENSG00000169627	ENSG00000157106	10	17	353.75	ENSG00000183336 (51%)	intra-chromosomal	bolA family member 2B [Source:HGNC Symbol;Acc:HGNC:32479]	SMG1 phosphatidylinositol 3-kinase-related kinase [Source:HGNC Symbol;Acc:HGNC:30045]	ctggtggtgtcggccaagttcgaggggaaaccgctgcttcagagacacagGTTCTGTACAGAGTAATGAGATGTGTGACGGCTGCAAACCAGGTGTTTTT	1.2	10.04	62.33	0.8132	0.7439	0.588235294117647	0.936890185231256
UBA52	UBC	19	18573726	+	12	124912691	-	ENSG00000221983	ENSG00000150991	3	8	348.13	ENSG00000170315 (77%)	inter-chromosomal	ubiquitin A-52 residue ribosomal protein fusion product 1 [Source:HGNC Symbol;Acc:HGNC:12458]	ubiquitin C [Source:HGNC Symbol;Acc:HGNC:12468]	agcagcgtctgatatttgccggcaaacagctggaggatggccgcactctcTCTGACTACAACATCCAGAAAGAGTCCACCTTGCACCTGGTGCTCCGTCT	65.57	248.86	602.73	0.8658	0.6686	0.375	0.934787164019838
SP100	HTN1	2	230544091	+	4	Unable to predict breakpoint position	+	ENSG00000067066	ENSG00000126550	3	2	311.3	ENSG00000172954 (100%), ENSG00000173198 (100%), ENSG00000166377 (100%), ENSG00000162924 (100%), ENSG00000133138 (100%), ENSG00000003402 (100%), ENSG00000174749 (100%), ENSG00000173597 (100%), ENSG00000282967 (100%), ENSG00000205649 (100%), ENSG00000077232 (101%), ENSG00000122417 (84%), ENSG00000186814 (101%), ENSG00000129317 (72%), ENSG00000283046 (57%), ENSG00000180438 (72%), ENSG00000122484 (50%), ENSG00000111816 (50%), ENSG00000075884 (47%)	inter-chromosomal	SP100 nuclear antigen [Source:HGNC Symbol;Acc:HGNC:11206]	histatin 1 [Source:HGNC Symbol;Acc:HGNC:5283]	gcaatgggaaaaagactccctattttataaatggtgctgggataactggaTAGCCATATGCAGAAAACCGAAACTGGACCCCTTCCTTACACCTTATACA	10.88	0	21.93	0.5552	0.8014	0.666666666666667	0.929745000774214
DNAJC7	TTC19	17	42014174	-	17	16028828	+	ENSG00000168259	ENSG00000011295	3	7	70	More than 30 homologies found: ENSG00000100784 (89%), ENSG00000158122 (68%), ENSG00000164916 (67%), ENSG00000185250 (67%), ENSG00000162819 (69%), ENSG00000179841 (64%), ENSG00000262102 (64%), ENSG00000171451 (64%), ENSG00000156030 (65%), ENSG00000137124 (64%), ENSG00000118217 (63%), ENSG00000166946 (70%), ENSG00000081665 (64%), ENSG00000141252 (65%), ENSG00000080371 (68%), ENSG00000183023 (63%), ENSG00000167703 (63%), ENSG00000179364 (64%), ENSG00000185344 (70%), ENSG00000262826 (64%), ENSG00000143624 (64%), ENSG00000132170 (63%), ENSG00000150977 (61%), ENSG00000198393 (65%), ENSG00000155849 (64%), ENSG00000105136 (69%), ENSG00000196865 (61%), ENSG00000241343 (71%), ENSG00000112237 (72%), ENSG00000130779 (64%)	intra-chromosomal	DnaJ heat shock protein family (Hsp40) member C7 [Source:HGNC Symbol;Acc:HGNC:12392]	tetratricopeptide repeat domain 19 [Source:HGNC Symbol;Acc:HGNC:26006]	tgcactccagcctgggcgacatggtgagactccatttcaaaaaaaaaaaaAAAAAAAAAAAAAAAAAAACTTTCTGAAGAAAATAAAAACACCAGAAACC	13.54	13.7	51.31	0.7449	0.7209	0.428571428571429	0.924604961363395
RIC3	SAR1B	11	8139065	-	5	134613335	-	ENSG00000166405	ENSG00000152700	8	6	353.75	ENSG00000130695 (46%), ENSG00000185823 (44%), ENSG00000198130 (45%), ENSG00000164902 (42%)	inter-chromosomal	RIC3 acetylcholine receptor chaperone [Source:HGNC Symbol;Acc:HGNC:30338]	secretion associated, Ras related GTPase 1B [Source:HGNC Symbol;Acc:HGNC:10535]	ttgttctctggtgccataaagaagcagcacttggacgtacatttaatttcCTCAGCAAGGCCATTTTTACTTTCTGCAGAAAGGGTACACTTGCCAGCAG	3.22	8.51	13.39	0.7529	0.9559	0.75	0.924225853935219
ZNF440	ZNF69	19	11814444	+	19	11903591	+	ENSG00000171295	ENSG00000198429	3	2	351.68	ENSG00000196757 (45%), ENSG00000177599 (44%), ENSG00000188868 (39%)	intra-chromosomal	zinc finger protein 440 [Source:HGNC Symbol;Acc:HGNC:20874]	zinc finger protein 69 [Source:HGNC Symbol;Acc:HGNC:13138]	cactagtcgcgggagccacgcagaggacgccggaacaccctggaagccgaGAAATGGACCCAGTGGCCTTTGATGATGTTGCTGTGAACTTCACCCAGGA	12.42	3.81	8.61	0.6052	0.7209	0.666666666666667	0.92278259811111
PDE4DIP	MAGT1	1	148931601	+	X	77827808	-	ENSG00000178104	ENSG00000102158	3	3	180.45	ENSG00000146414 (51%), ENSG00000162924 (49%), ENSG00000115239 (49%), ENSG00000204967 (49%), ENSG00000173597 (49%), ENSG00000172954 (51%), ENSG00000165805 (49%), ENSG00000237515 (49%), ENSG00000174607 (49%), ENSG00000112096 (49%), ENSG00000173198 (49%), ENSG00000228284 (49%), ENSG00000129317 (46%), ENSG00000188596 (46%), ENSG00000181458 (46%), ENSG00000174749 (46%), ENSG00000152952 (49%), ENSG00000111816 (45%), ENSG00000170160 (46%), ENSG00000101448 (45%), ENSG00000133131 (46%), ENSG00000109956 (45%), ENSG00000118322 (43%), ENSG00000102383 (30%), ENSG00000067334 (30%)	inter-chromosomal	phosphodiesterase 4D interacting protein [Source:HGNC Symbol;Acc:HGNC:15580]	magnesium transporter 1 [Source:HGNC Symbol;Acc:HGNC:28880]	atataaatcaaaaccacaatgagataccatctcacaccagtcagaatggcAATTAGAGTTTGTCACTTATTCCATTTGTACCTAAGAGAAAAATAGGCTC	6.49	36.98	29.27	0.4868	0.6663	1	0.91811155866052
TIMM50	ABHD12B	19	Unable to predict breakpoint position	+	14	Unable to predict breakpoint position	+	ENSG00000105197	ENSG00000131969	3	3	291.38	ENSG00000154237 (60%), ENSG00000132297 (50%), ENSG00000172890 (37%), ENSG00000256061 (47%), ENSG00000276848 (25%), ENSG00000276033 (25%), ENSG00000258818 (25%), ENSG00000197568 (24%), ENSG00000174456 (24%), ENSG00000168878 (24%), ENSG00000114455 (24%)	inter-chromosomal	translocase of inner mitochondrial membrane 50 homolog (S. cerevisiae) [Source:HGNC Symbol;Acc:HGNC:23656]	abhydrolase domain containing 12B [Source:HGNC Symbol;Acc:HGNC:19837]	cacaaaagaagtgaaaaggccctgccccgccttaactgatgacattccacCACAAAAGAAGTGAATATGCCCTGCCCCACCTTAACTGATGACATTCCAC	10.69	0.91	18.04	0.4949	0.556	1	0.891157593352904
USP33	KIAA1328	1	Unable to predict breakpoint position	-	18	Unable to predict breakpoint position	+	ENSG00000077254	ENSG00000150477	3	8	186.77	ENSG00000156218 (50%), ENSG00000112096 (50%), ENSG00000151338 (50%), ENSG00000122484 (50%), ENSG00000219626 (45%), ENSG00000164066 (38%)	inter-chromosomal	ubiquitin specific peptidase 33 [Source:HGNC Symbol;Acc:HGNC:20059]	KIAA1328 [Source:HGNC Symbol;Acc:HGNC:29248]	caaccggtaccagccactgcaaaaacatgccaaattgtaaagaccatcgaCATATCCAGCCAAACTAAGCTTCATAAGTGAAGGAGAAATAAAATCCTTT	16.15	1.62	30.94	0.5363	0.722	0.375	0.874658472556715
SLC25A3	WASF2	12	98601745	+	1	27405627	-	ENSG00000075415	ENSG00000158195	6	1	224.87		inter-chromosomal	solute carrier family 25 (mitochondrial carrier; phosphate carrier), member 3 [Source:HGNC Symbol;Acc:HGNC:10989]	WAS protein family member 2 [Source:HGNC Symbol;Acc:HGNC:12733]	caactcttcatgatttgcctgtgacttatttttaaaacttttttaaaaaaAAAAAAAAAAAAAAAAAAAAAAAAAAAAGGCTTCTTTAGACCCAGAGCCC	43.49	39.73	334.16	0.7367	0.9817	0.166666666666667	0.874542333616103
RBM15	C2orf69	1	110346676	+	2	199927316	+	ENSG00000162775	ENSG00000178074	3	4	292.62		inter-chromosomal	RNA binding motif protein 15 [Source:HGNC Symbol;Acc:HGNC:14959]	chromosome 2 open reading frame 69 [Source:HGNC Symbol;Acc:HGNC:26799]	agttgagctgcttttgttttattctaaataaattgtttcttttgaggaaaAAAAAAAAAAAAAGACACTGAAGCTTAATACCTTAATGACCCAGAAGACC	2.24	8.11	9.47	0.5826	0.4023	0.75	0.872789723670055
COL1A2	MAVS	7	94430664	+	20	3870639	+	ENSG00000164692	ENSG00000088888	3	1	636.6		inter-chromosomal	collagen, type I, alpha 2 [Source:HGNC Symbol;Acc:HGNC:2198]	mitochondrial antiviral signaling protein [Source:HGNC Symbol;Acc:HGNC:29233]	ttcaacactcttacacctgttatggaaaatgtcaacctttgtaagaaaacAAAAAAAAAAAAAAAAAAAAAAAAAAAAAAAAAAAAAATCTAGGAGATGC	36.57	16.71	301.17	0.7238	0.9939	0.333333333333333	0.87260759626791
AJUBA	HAUS3	14	Unable to predict breakpoint position	-	4	2230246	-	ENSG00000129474	ENSG00000214367	3	2	57	More than 30 homologies found: ENSG00000188800 (89%), ENSG00000105053 (82%), ENSG00000088888 (49%), ENSG00000172007 (50%), ENSG00000053524 (50%), ENSG00000198488 (50%), ENSG00000137413 (50%), ENSG00000176681 (50%), ENSG00000119431 (53%), ENSG00000105792 (53%), ENSG00000283100 (50%), ENSG00000277424 (50%), ENSG00000249961 (50%), ENSG00000204054 (50%), ENSG00000196428 (50%), ENSG00000185917 (50%), ENSG00000167685 (50%), ENSG00000166847 (50%), ENSG00000139726 (50%), ENSG00000110723 (50%), ENSG00000109381 (50%), ENSG00000103415 (50%), ENSG00000100034 (50%), ENSG00000077721 (50%), ENSG00000070501 (50%), ENSG00000068903 (50%), ENSG00000067900 (50%), ENSG00000281857 (50%), ENSG00000276355 (50%), ENSG00000250305 (50%)	inter-chromosomal	ajuba LIM protein [Source:HGNC Symbol;Acc:HGNC:20250]	HAUS augmin like complex subunit 3 [Source:HGNC Symbol;Acc:HGNC:28719]	tcacttgattttggagaagatggagtctcactctgttgcccaggctggagCTCGGCTCACTGCAACCTCCGCCTCCCAGGTTCAAGTGATTCTCCTGCTT	6.44	5.06	15.11	0.6324	0.9403	0.666666666666667	0.872401293391335
BPTF	KPNA2	17	67894165	+	17	68037110	+	ENSG00000171634	ENSG00000182481	37	30	412.95		intra-chromosomal	bromodomain PHD finger transcription factor [Source:HGNC Symbol;Acc:HGNC:3581]	karyopherin alpha 2 (RAG cohort 1, importin alpha 1) [Source:HGNC Symbol;Acc:HGNC:6395]	aaaccagttgtgatgctaccaatatggcgagaatctttaggacataccagCTTTCTCCCTTTGTCTCATAACCATGTCCACCAACGAGAATGCTAATACA	28.66	5.99	77.91	0.6868	0.6938	0.810810810810811	0.87223708720896
CRCP	ZNF273	7	66154559	+	7	Unable to predict breakpoint position	+	ENSG00000241258	ENSG00000198039	3	2	206	More than 30 homologies found: ENSG00000069966 (63%), ENSG00000122882 (63%), ENSG00000162377 (60%), ENSG00000238134 (63%), ENSG00000236759 (63%), ENSG00000232045 (63%), ENSG00000227333 (63%), ENSG00000224143 (63%), ENSG00000206376 (63%), ENSG00000204371 (63%), ENSG00000186487 (63%), ENSG00000181626 (63%), ENSG00000167232 (60%), ENSG00000168010 (60%), ENSG00000156509 (64%), ENSG00000166130 (63%), ENSG00000085998 (63%), ENSG00000221817 (63%), ENSG00000173757 (63%), ENSG00000155744 (63%), ENSG00000184304 (63%), ENSG00000065534 (63%), ENSG00000188739 (63%), ENSG00000163636 (63%), ENSG00000124532 (63%), ENSG00000116560 (63%), ENSG00000275744 (62%), ENSG00000133460 (62%), ENSG00000276761 (64%), ENSG00000273559 (64%)	intra-chromosomal	CGRP receptor component [Source:HGNC Symbol;Acc:HGNC:17888]	zinc finger protein 273 [Source:HGNC Symbol;Acc:HGNC:13067]	atacaaataaagtgaaatctgactgaggctaaaangtgctgggattacagGCGCCTGCCACCACGCCCGGCTAATTTTTTGTATTTTTTAGTAGAGACAG	16.8	3.24	14.13	0.408	0.5242	0.666666666666667	0.868110405181076
ATXN3	HHLA1	14	92044410	-	8	Unable to predict breakpoint position	-	ENSG00000066427	ENSG00000132297	18	48	362	ENSG00000154237 (95%)	inter-chromosomal	ataxin 3 [Source:HGNC Symbol;Acc:HGNC:7106]	HERV-H LTR-associating 1 [Source:HGNC Symbol;Acc:HGNC:4904]	gccatcacagctggtatctcctggtgctatccccaaaccgccactcttaaCTCTTGAAGTAAATAAATAATCTTTGCTGGCAGGACTATGCTGAATCTCC	3.68	0.42	6.77	0.8151	0.7875	0.375	0.865971821783969
HSP90AB1	ATP6AP1	6	44252188	+	X	154431833	+	ENSG00000096384	ENSG00000071553	5	1	311.55		inter-chromosomal	heat shock protein 90kDa alpha family class B member 1 [Source:HGNC Symbol;Acc:HGNC:5258]	ATPase, H+ transporting, lysosomal accessory protein 1 [Source:HGNC Symbol;Acc:HGNC:868]	tcagttaccaaggagggtctggagctgcctgaggatgaggaggagaagaaAGCATTGAGGATTTCACAGCATATGGCGGTGTGTTTGGAAACAAGCAGGA	225.08	26.52	1243.79	0.7367	0.9817	0.2	0.864756907054685
VLDLR	FDPS	9	2656420	+	1	155312806	+	ENSG00000147852	ENSG00000160752	4	6	276	More than 30 homologies found: ENSG00000173611 (100%), ENSG00000148357 (100%), ENSG00000137413 (101%), ENSG00000154099 (94%), ENSG00000187792 (94%), ENSG00000240849 (91%), ENSG00000147454 (73%), ENSG00000134014 (73%), ENSG00000182054 (73%), ENSG00000126005 (86%), ENSG00000182986 (73%), ENSG00000111341 (73%), ENSG00000171827 (87%), ENSG00000164294 (73%), ENSG00000121749 (73%), ENSG00000019144 (73%), ENSG00000122008 (67%), ENSG00000168495 (73%), ENSG00000163322 (73%), ENSG00000175782 (73%), ENSG00000137857 (73%), ENSG00000105323 (73%), ENSG00000104613 (73%), ENSG00000183943 (73%), ENSG00000169871 (67%), ENSG00000170584 (73%), ENSG00000172339 (80%), ENSG00000109911 (73%), ENSG00000183597 (73%), ENSG00000184575 (72%)	inter-chromosomal	very low density lipoprotein receptor [Source:HGNC Symbol;Acc:HGNC:12698]	farnesyl diphosphate synthase [Source:HGNC Symbol;Acc:HGNC:3631]	atcacttgaggccaggagttcgagaccagcctgagcaacatggtgagaccCCCATCTCTACTCAAAATACAAAGTTAGCTGGATGTGGTGGCACATGCCT	8.2	34.44	18.08	0.6353	0.9152	0.666666666666667	0.863768645876322
BMS1P20	IGLL5	22	22322847	+	22	22888049	+	ENSG00000236850	ENSG00000254709	169	5	443.41		intra-chromosomal	BMS1, ribosome biogenesis factor pseudogene 20 [Source:HGNC Symbol;Acc:HGNC:49153]	immunoglobulin lambda-like polypeptide 5 [Source:HGNC Symbol;Acc:HGNC:38476]	gaacagcccccaaactcctcatttatgacaataataagcgaccctcagggGGCCAATGAGACCCAAGACAGGCCAAGTGGGTTGTGAGACCCCTGAGGAG	10.17	7.68	35.25	0.0909	0.2057	0.029585798816568	0.855729526494241
CBX3	SLC25A5	7	26213356	+	X	119468560	+	ENSG00000122565	ENSG00000005022	3	3	198	ENSG00000224281 (50%)	inter-chromosomal	chromobox 3 [Source:HGNC Symbol;Acc:HGNC:1553]	solute carrier family 25 (mitochondrial carrier; adenine nucleotide translocator), member 5 [Source:HGNC Symbol;Acc:HGNC:10991]	aaatactggtgaacagtggttaataaatagttttatattcctttatgcaaTGGAGTGGCCGCAGCCATCTCCAAGACGGCGGTAGCGCCCATCGAGCGGG	51.14	134.88	92.98	0.7449	0.8658	1	0.854572801406152
CTSD	IFITM10	11	1753803	-	11	1748119	-	ENSG00000117984	ENSG00000244242	4	3	305.26		Read-Through	cathepsin D [Source:HGNC Symbol;Acc:HGNC:2529]	interferon induced transmembrane protein 10 [Source:HGNC Symbol;Acc:HGNC:40022]	agctgggaggcaaaggctacaagctgtccccagaggactacacgctcaagGCCCAGGGCCCCGGCCAGTGCCCAGCCCCGCTGGGAGACCCGGCCAGCAC	176.18	0.11	324.41	0.6145	0.861	0.75	0.851746778104139
EIF3D	EIF5B	22	36511522	-	2	99376391	+	ENSG00000100353	ENSG00000158417	3	1	22	More than 30 homologies found: ENSG00000153250 (44%), ENSG00000116127 (44%), ENSG00000138433 (41%), ENSG00000275272 (40%), ENSG00000083896 (40%), ENSG00000171680 (37%), ENSG00000124140 (46%), ENSG00000085224 (47%), ENSG00000102001 (36%), ENSG00000186487 (48%), ENSG00000119041 (56%), ENSG00000189186 (35%), ENSG00000074621 (55%), ENSG00000130528 (47%), ENSG00000141506 (45%), ENSG00000158352 (35%), ENSG00000146776 (33%), ENSG00000168621 (34%), ENSG00000185551 (34%), ENSG00000151834 (34%), ENSG00000114853 (34%), ENSG00000206530 (41%), ENSG00000197272 (37%), ENSG00000182095 (33%), ENSG00000274286 (41%), ENSG00000100784 (36%), ENSG00000117266 (37%), ENSG00000143401 (38%), ENSG00000089022 (30%), ENSG00000081189 (37%)	inter-chromosomal	eukaryotic translation initiation factor 3 subunit D [Source:HGNC Symbol;Acc:HGNC:3278]	eukaryotic translation initiation factor 5B [Source:HGNC Symbol;Acc:HGNC:30793]	tccctgatggcaccttcagctctgatgaagatgaggaggaagaggaggagGAGGAGGAGGAGGAGGAAGAAGAGGAAGAAGAAGATGAAGAAAGTGAAGA	93.08	53.44	218.4	0.6495	0.9638	0.333333333333333	0.851279455381181
GPATCH8	NPHP1	17	44445768	-	2	110122438	-	ENSG00000186566	ENSG00000144061	3	2	199	More than 30 homologies found: ENSG00000170485 (87%), ENSG00000163596 (87%), ENSG00000168067 (87%), ENSG00000140030 (87%), ENSG00000104671 (87%), ENSG00000158859 (87%), ENSG00000112419 (86%), ENSG00000246985 (87%), ENSG00000048342 (77%), ENSG00000182768 (87%), ENSG00000189283 (80%), ENSG00000120457 (91%), ENSG00000139714 (87%), ENSG00000113263 (77%), ENSG00000278247 (77%), ENSG00000275009 (77%), ENSG00000273976 (77%), ENSG00000277865 (77%), ENSG00000165688 (77%), ENSG00000166803 (77%), ENSG00000234456 (87%), ENSG00000274750 (77%), ENSG00000138185 (87%), ENSG00000148357 (77%), ENSG00000241186 (87%), ENSG00000121904 (77%), ENSG00000123415 (67%), ENSG00000160062 (87%), ENSG00000132849 (87%), ENSG00000105409 (77%)	inter-chromosomal	G-patch domain containing 8 [Source:HGNC Symbol;Acc:HGNC:29066]	nephronophthisis 1 (juvenile) [Source:HGNC Symbol;Acc:HGNC:7905]	aatactcatgtaggctgggcacagtggctcatgcctgtaatcccagcactTTGGGAGGCTGAGGTAGAAGAATTGTTTGAACCTGGGAGGTGGAGGTTGC	12.33	5.55	5.37	0.4618	0.6189	0.666666666666667	0.847825982569494
GKAP1	KIF27	9	83816997	-	9	83915679	-	ENSG00000165113	ENSG00000165115	17	4	472.58		Read-Through	G kinase anchoring protein 1 [Source:HGNC Symbol;Acc:HGNC:17496]	kinesin family member 27 [Source:HGNC Symbol;Acc:HGNC:18632]	agcatcggttaacagcctatgggtgaaatttggctttcattcatgaatgaGGAATCCAGATCTTACATAAGATGGAAGTCTCTCACACTAGATACTGAAC	6.18	11.65	11.72	0.7753	0.6792	0.235294117647059	0.843830144777224
NME7	TFPI	1	Unable to predict breakpoint position	-	2	187518778	-	ENSG00000143156	ENSG00000003436	4	2	295.95	ENSG00000112096 (50%), ENSG00000122484 (47%), ENSG00000111816 (50%), ENSG00000151338 (43%)	inter-chromosomal	NME/NM23 family member 7 [Source:HGNC Symbol;Acc:HGNC:20461]	tissue factor pathway inhibitor [Source:HGNC Symbol;Acc:HGNC:11760]	agagaaaaaagaataaaaagaaatgaacaaagcctccaagaaatatgggaTTGGTGTACCTGAAAGTGACTGGGAGAATGGAAAGGAGCTGGAAAACACN	6.01	40.53	128.32	0.7238	0.9939	0.5	0.841746508218931
WDR41	ZNF121	5	77430933	-	19	9564553	-	ENSG00000164253	ENSG00000197961	3	9	295.25	ENSG00000091986 (78%), ENSG00000108381 (59%), ENSG00000106603 (54%), ENSG00000139218 (52%), ENSG00000241043 (40%), ENSG00000168522 (34%)	inter-chromosomal	WD repeat domain 41 [Source:HGNC Symbol;Acc:HGNC:25601]	zinc finger protein 121 [Source:HGNC Symbol;Acc:HGNC:12904]	taagcaacttctcatctattaaagtttgatcatgagattacagcaattcaGTCACATCTTCAGGCTCCACTTCTAATTCTAGTTCTCTTTTTTCCATCAC	6.6	10.67	20.66	0.7782	0.6995	0.333333333333333	0.832625312637473
IGF2BP2	ILDR1	3	185675296	-	3	121988356	-	ENSG00000073792	ENSG00000145103	3	2	351.5		intra-chromosomal	insulin like growth factor 2 mRNA binding protein 2 [Source:HGNC Symbol;Acc:HGNC:28867]	immunoglobulin-like domain containing receptor 1 [Source:HGNC Symbol;Acc:HGNC:28741]	ttatgaagaagctgcgtgaggcctttgaaaatgatatgctggctgttaacCAACAAGCCATTTAGTCACCAAGCACAGCACAACTTCTGTGGCTACTTCT	8.32	5.6	42.24	0.6411	0.9468	0.666666666666667	0.82909545550936
PRR11	UNC13A	17	59204548	+	19	17603983	-	ENSG00000068489	ENSG00000130477	3	12	46	More than 30 homologies found: ENSG00000178665 (99%), ENSG00000183196 (100%), ENSG00000101294 (101%), ENSG00000129667 (98%), ENSG00000165102 (98%), ENSG00000244672 (99%), ENSG00000241713 (99%), ENSG00000241132 (99%), ENSG00000240433 (99%), ENSG00000240053 (99%), ENSG00000239497 (99%), ENSG00000239285 (99%), ENSG00000228875 (99%), ENSG00000224774 (99%), ENSG00000224398 (99%), ENSG00000206406 (99%), ENSG00000186300 (98%), ENSG00000196220 (98%), ENSG00000137210 (98%), ENSG00000139433 (100%), ENSG00000168807 (100%), ENSG00000106261 (102%), ENSG00000083123 (99%), ENSG00000084112 (98%), ENSG00000175311 (100%), ENSG00000165688 (98%), ENSG00000168067 (99%), ENSG00000127314 (100%), ENSG00000141526 (99%), ENSG00000182111 (98%)	inter-chromosomal	proline rich 11 [Source:HGNC Symbol;Acc:HGNC:25619]	unc-13 homolog A (C. elegans) [Source:HGNC Symbol;Acc:HGNC:23150]	tgagaccagcctggccaacatggtgaaaccccgtctctaccaaaaataaaAAAAATTAGCTGGGTGCAGTGGTGCATGCCTGTAGTCCCAGCTACTCAGG	2.69	0.79	19	0.8022	0.522	0.25	0.821609143789436
TMEM120B	DYNLRB1	12	121781467	+	20	34534702	+	ENSG00000188735	ENSG00000125971	5	2	187.56	More than 30 homologies found: ENSG00000103351 (50%), ENSG00000161243 (50%), ENSG00000100867 (50%), ENSG00000075643 (50%), ENSG00000172375 (50%), ENSG00000131263 (50%), ENSG00000116213 (50%), ENSG00000183044 (50%), ENSG00000083099 (48%), ENSG00000133313 (50%), ENSG00000141252 (50%), ENSG00000132604 (50%), ENSG00000130414 (50%), ENSG00000071282 (50%), ENSG00000188227 (50%), ENSG00000134253 (50%), ENSG00000135094 (50%), ENSG00000083844 (46%), ENSG00000138592 (50%), ENSG00000138430 (50%), ENSG00000123600 (50%), ENSG00000128581 (47%), ENSG00000121957 (47%), ENSG00000118579 (50%), ENSG00000168256 (48%), ENSG00000183287 (50%), ENSG00000100902 (50%), ENSG00000159788 (50%), ENSG00000157214 (50%), ENSG00000130818 (50%)	inter-chromosomal	transmembrane protein 120B [Source:HGNC Symbol;Acc:HGNC:32008]	dynein, light chain, roadblock-type 1 [Source:HGNC Symbol;Acc:HGNC:15468]	ccgtgatcatgccactgcactccagcctgggtgacagagcgagaccctgtAAGGCACGGAGCACCGTGCGTGACATCGACCCCCAGAACGATCTCACCTT	5.22	42.87	29.56	0.5759	0.8418	0.4	0.81260736451626
ERV3-1	ZNF117	7	64993149	-	7	64990047	-	ENSG00000213462	ENSG00000152926	8	5	695.05	More than 30 homologies found: ENSG00000105750 (54%), ENSG00000162909 (50%), ENSG00000184220 (50%), ENSG00000168807 (50%), ENSG00000158234 (50%), ENSG00000017427 (50%), ENSG00000185344 (50%), ENSG00000172766 (50%), ENSG00000152104 (50%), ENSG00000136731 (50%), ENSG00000125991 (50%), ENSG00000196739 (50%), ENSG00000145016 (51%), ENSG00000159921 (50%), ENSG00000119711 (50%), ENSG00000105664 (51%), ENSG00000111540 (50%), ENSG00000111275 (50%), ENSG00000152700 (50%), ENSG00000120498 (50%), ENSG00000234539 (50%), ENSG00000228628 (50%), ENSG00000213923 (50%), ENSG00000213676 (50%), ENSG00000070444 (50%), ENSG00000171320 (50%), ENSG00000141447 (50%), ENSG00000130713 (50%), ENSG00000265491 (50%), ENSG00000181852 (50%)	Read-Through	endogenous retrovirus group 3 member 1 [Source:HGNC Symbol;Acc:HGNC:3454]	zinc finger protein 117 [Source:HGNC Symbol;Acc:HGNC:12897]	tcaccccagaagctgactagtctatgcacggccgaagcttgagtcatcatCAGGATGGAGTGCAGTGGCATGATCTCGACTCACTGCAACCTCCACCTCC	2.83	4.06	1.98	0.5759	0.8418	0.625	0.807406800635021
SPATA33	TACC2	16	89671272	+	10	122023467	+	ENSG00000167523	ENSG00000138162	3	2	150	ENSG00000143951 (50%), ENSG00000115839 (50%), ENSG00000213064 (50%), ENSG00000122417 (50%), ENSG00000188107 (50%), ENSG00000106460 (50%)	inter-chromosomal	spermatogenesis associated 33 [Source:HGNC Symbol;Acc:HGNC:26463]	transforming, acidic coiled-coil containing protein 2 [Source:HGNC Symbol;Acc:HGNC:11523]	ttgtgaaaggccaatcaaaacttggggccctaatttcactctgccaaaagAAAAAAGGATGAGTTCACATCCTTTGTAGGTACATGGATGAAGCTGGAAA	3.43	4.97	5.01	0.5335	0.7582	0.666666666666667	0.802879007473885
MTRNR2L1	COX7C	17	22524663	+	5	86617976	+	ENSG00000256618	ENSG00000127184	3	14	205.88		inter-chromosomal	MT-RNR2-like 1 [Source:HGNC Symbol;Acc:HGNC:37155]	cytochrome c oxidase subunit VIIc [Source:HGNC Symbol;Acc:HGNC:2292]	ntctcagcattttactgtacccacacccacccaagaacagggtttgttaaGAAAAAAAAGGTCTTGGTGAGGTGCCGCCATTTCATCTGTCCTCATTCTC	51.59	96.83	201.92	0.6223	0.9301	0.214285714285714	0.800273273282284
CHODL	DIAPH2	21	17901424	+	X	97141665	+	ENSG00000154645	ENSG00000147202	3	3	296	ENSG00000124783 (50%), ENSG00000143951 (37%)	inter-chromosomal	chondrolectin [Source:HGNC Symbol;Acc:HGNC:17807]	diaphanous related formin 2 [Source:HGNC Symbol;Acc:HGNC:2877]	ttcctctatccctgtgttttgcttggctctctaaattgactcagctccagATCAGAGATACTAAATCAGCGGATCAAAAAACAACCCTTTTGCATTTTAT	1.63	8.85	7.54	0.6495	0.9638	1	0.793914289058241
NNMT	AAMDC	11	114313250	+	11	77918205	+	ENSG00000166741	ENSG00000087884	3	1	335.25	More than 30 homologies found: ENSG00000142609 (101%), ENSG00000071655 (100%), ENSG00000115694 (94%), ENSG00000143373 (94%), ENSG00000064607 (100%), ENSG00000163359 (93%), ENSG00000134398 (90%), ENSG00000185100 (94%), ENSG00000079156 (94%), ENSG00000151882 (94%), ENSG00000106686 (93%), ENSG00000196961 (98%), ENSG00000020922 (93%), ENSG00000163840 (91%), ENSG00000282725 (94%), ENSG00000262246 (94%), ENSG00000281022 (93%), ENSG00000148297 (93%), ENSG00000164251 (89%), ENSG00000105939 (89%), ENSG00000160991 (91%), ENSG00000250305 (98%), ENSG00000166200 (93%), ENSG00000180304 (94%), ENSG00000175575 (89%), ENSG00000072736 (94%), ENSG00000120008 (94%), ENSG00000169169 (90%), ENSG00000189079 (90%), ENSG00000177225 (92%)	intra-chromosomal	nicotinamide N-methyltransferase [Source:HGNC Symbol;Acc:HGNC:7861]	adipogenesis associated, Mth938 domain containing [Source:HGNC Symbol;Acc:HGNC:30205]	aggcactgtggctcatgcctgtaatcccagcgctttgggaggctgaggcaGAGGATCACTTGAGCTCAGGAGTTTGAGACCAGCCTGGCCACCATGGTGA	63.34	9.48	19.34	0.8022	0.8014	0.333333333333333	0.793465578799779
ZNF471	FAM228B	19	Unable to predict breakpoint position	+	2	24096389	+	ENSG00000196263	ENSG00000219626	23	13	336.09	ENSG00000137500 (85%), ENSG00000111816 (45%), ENSG00000003436 (36%)	inter-chromosomal	zinc finger protein 471 [Source:HGNC Symbol;Acc:HGNC:23226]	family with sequence similarity 228 member B [Source:HGNC Symbol;Acc:HGNC:24736]	aaaggagcatgttctaacccaatgcaaggaagctaagaaccttgaaaaaaAGATTAGACGAATGGCTAACTGGAATAAACAGTGTAGAGAATACCTTAAA	5.25	12.93	43.44	0.4272	0.576	0.565217391304348	0.786818932798472
MSH3	NFATC2IP	5	80876344	+	16	28965334	+	ENSG00000113318	ENSG00000176953	10	4	327.9	More than 30 homologies found: ENSG00000006576 (76%), ENSG00000149948 (75%), ENSG00000138780 (74%), ENSG00000186001 (70%), ENSG00000140025 (65%), ENSG00000189298 (64%), ENSG00000123213 (60%), ENSG00000054219 (62%), ENSG00000075702 (60%), ENSG00000033030 (64%), ENSG00000103042 (66%), ENSG00000215193 (58%), ENSG00000139618 (65%), ENSG00000008952 (56%), ENSG00000250305 (56%), ENSG00000103544 (62%), ENSG00000164749 (62%), ENSG00000162971 (57%), ENSG00000135679 (59%), ENSG00000198142 (55%), ENSG00000124212 (55%), ENSG00000075413 (56%), ENSG00000244038 (56%), ENSG00000183943 (56%), ENSG00000197808 (57%), ENSG00000151882 (62%), ENSG00000161010 (63%), ENSG00000165633 (56%), ENSG00000146802 (54%), ENSG00000187607 (54%)	inter-chromosomal	mutS homolog 3 [Source:HGNC Symbol;Acc:HGNC:7326]	nuclear factor of activated T-cells, cytoplasmic, calcineurin-dependent 2 interacting protein [Source:HGNC Symbol;Acc:HGNC:25906]	agaattttttataagtagaaagaattggccaggcatggtggctcatgcctTAATCCCAGCACTTTGGGAGGCCCAGGCAGAAGGATCGCTGCAGCCCAGG	12.8	13.18	27.41	0.7717	0.9119	0.4	0.784568755921533
RPL14	SLC30A7	3	40462406	+	1	100979320	+	ENSG00000188846	ENSG00000162695	5	2	115.87	More than 30 homologies found: ENSG00000196335 (37%), ENSG00000241343 (38%), ENSG00000179364 (35%), ENSG00000170075 (35%), ENSG00000180758 (34%), ENSG00000172007 (34%), ENSG00000278355 (34%), ENSG00000275404 (34%), ENSG00000169905 (34%), ENSG00000158122 (34%), ENSG00000133256 (34%), ENSG00000125430 (34%), ENSG00000123485 (34%), ENSG00000117222 (34%), ENSG00000002587 (34%), ENSG00000213903 (33%), ENSG00000187187 (33%), ENSG00000145736 (33%), ENSG00000120693 (33%), ENSG00000144401 (33%), ENSG00000179841 (34%), ENSG00000088888 (34%), ENSG00000133028 (34%), ENSG00000118579 (32%), ENSG00000092445 (32%), ENSG00000091879 (32%), ENSG00000125843 (33%), ENSG00000113532 (33%), ENSG00000133059 (33%), ENSG00000278191 (31%)	inter-chromosomal	ribosomal protein L14 [Source:HGNC Symbol;Acc:HGNC:10305]	solute carrier family 30 (zinc transporter), member 7 [Source:HGNC Symbol;Acc:HGNC:19306]	attaaataatcagttcctttttttttttttttttttttgagatggagtctTTCTTTGGACATTCATTGGAAGGCTTGTTGAAGACATGATCCCCCAGAAG	92.97	10.89	602.96	0.6324	0.9007	0.4	0.77733359310321
NEXN	CCDC113	1	77931975	+	16	58282054	+	ENSG00000162614	ENSG00000103021	3	5	323	More than 30 homologies found: ENSG00000131018 (88%), ENSG00000065923 (93%), ENSG00000234539 (93%), ENSG00000228628 (93%), ENSG00000213676 (93%), ENSG00000168468 (93%), ENSG00000152104 (90%), ENSG00000173928 (93%), ENSG00000165650 (88%), ENSG00000106080 (95%), ENSG00000130713 (90%), ENSG00000120457 (90%), ENSG00000205356 (91%), ENSG00000189403 (93%), ENSG00000150477 (93%), ENSG00000140044 (90%), ENSG00000183196 (93%), ENSG00000213923 (90%), ENSG00000172613 (93%), ENSG00000185670 (96%), ENSG00000182378 (93%), ENSG00000168807 (95%), ENSG00000101213 (93%), ENSG00000151247 (93%), ENSG00000023909 (93%), ENSG00000277222 (90%), ENSG00000011114 (90%), ENSG00000069812 (93%), ENSG00000180304 (90%), ENSG00000159173 (90%)	inter-chromosomal	nexilin (F actin binding protein) [Source:HGNC Symbol;Acc:HGNC:29557]	coiled-coil domain containing 113 [Source:HGNC Symbol;Acc:HGNC:25002]	nntataatcttttgttttttttgagatggagtctcgctgtcacccaggctGCTGGAGTGCAGTGGCATGATCTCGGCTCGCTGCAACCTCCTCCTCCTGG	74.2	19.9	47.56	0.4618	0.6189	0.6	0.773896864863068
DDOST	PINK1	1	Unable to predict breakpoint position	-	1	20651375	+	ENSG00000244038	ENSG00000158828	3	2	84	ENSG00000237834 (50%), ENSG00000236561 (50%), ENSG00000234623 (50%), ENSG00000234096 (50%), ENSG00000232641 (50%), ENSG00000230885 (50%), ENSG00000204655 (50%), ENSG00000137345 (50%), ENSG00000103175 (50%), ENSG00000164953 (50%), ENSG00000166483 (39%), ENSG00000162598 (39%), ENSG00000282307 (37%), ENSG00000132386 (37%), ENSG00000187753 (33%), ENSG00000100578 (34%), ENSG00000056586 (57%), ENSG00000137941 (27%)	Cis	dolichyl-diphosphooligosaccharide--protein glycosyltransferase subunit (non-catalytic) [Source:HGNC Symbol;Acc:HGNC:2728]	PTEN induced putative kinase 1 [Source:HGNC Symbol;Acc:HGNC:14581]	ctctgtctcaaatataaataaataaataaataaataaataaataaataaaAAGGTGAGAATATTTTGTGGGCAGGTATCAACATTGGGGAAGAGATTTCA	123.55	19.58	61.26	0.6145	0.9119	0.666666666666667	0.770007727925988
RPL22	GPM6A	1	6186624	-	4	175812341	-	ENSG00000116251	ENSG00000150625	10	3	289.22		inter-chromosomal	ribosomal protein L22 [Source:HGNC Symbol;Acc:HGNC:10315]	glycoprotein M6A [Source:HGNC Symbol;Acc:HGNC:4460]	aaatttcatttatctggaaaattttgtatgagttcttgaataaaacttggGAAAAAAAAAAAAAAAAAAAAAAAAAAAAAAAAAAAAAAACCCCCAGTTT	3.12	1.3	217.46	0.7303	0.6024	0.3	0.767623104616263
FAM76A	AIM1	1	27760008	+	6	106569322	+	ENSG00000009780	ENSG00000112297	4	2	-23	More than 30 homologies found: ENSG00000143164 (79%), ENSG00000157625 (70%), ENSG00000134874 (75%), ENSG00000136861 (77%), ENSG00000111275 (70%), ENSG00000121410 (66%), ENSG00000152954 (65%), ENSG00000171241 (69%), ENSG00000128585 (62%), ENSG00000162434 (73%), ENSG00000166546 (64%), ENSG00000008323 (74%), ENSG00000111364 (71%), ENSG00000156831 (64%), ENSG00000090339 (71%), ENSG00000180398 (79%), ENSG00000172273 (64%), ENSG00000165996 (64%), ENSG00000169062 (62%), ENSG00000106144 (71%), ENSG00000129474 (70%), ENSG00000197170 (61%), ENSG00000051128 (66%), ENSG00000120662 (63%), ENSG00000114107 (59%), ENSG00000103544 (64%), ENSG00000134644 (60%), ENSG00000167770 (68%), ENSG00000138385 (61%), ENSG00000163687 (57%)	inter-chromosomal	family with sequence similarity 76 member A [Source:HGNC Symbol;Acc:HGNC:28530]	absent in melanoma 1 [Source:HGNC Symbol;Acc:HGNC:356]	gatgggctctcgctatattgcctgggctagtcttgaactcctggcttcaaGTGATCCTCCCACCTCAGCCTCCCAAGTAGCTGGGACTATAGGCACACAT	7.99	7.09	12.1	0.4868	0.6663	0.5	0.762563816674871
STAT2	ZNF793	12	56342296	-	19	37535531	+	ENSG00000170581	ENSG00000188227	3	17	157	More than 30 homologies found: ENSG00000164574 (71%), ENSG00000129493 (55%), ENSG00000164430 (55%), ENSG00000076641 (61%), ENSG00000186185 (82%), ENSG00000112276 (50%), ENSG00000141401 (66%), ENSG00000107679 (62%), ENSG00000129317 (50%), ENSG00000168591 (54%), ENSG00000168785 (51%), ENSG00000100784 (59%), ENSG00000143420 (45%), ENSG00000198538 (43%), ENSG00000100129 (56%), ENSG00000196975 (47%), ENSG00000075415 (50%), ENSG00000275591 (45%), ENSG00000134910 (48%), ENSG00000203867 (42%), ENSG00000152689 (35%), ENSG00000112379 (37%), ENSG00000122986 (40%), ENSG00000198393 (37%), ENSG00000227500 (32%), ENSG00000167483 (32%), ENSG00000225824 (27%), ENSG00000158545 (33%), ENSG00000139714 (24%), ENSG00000111596 (24%)	inter-chromosomal	signal transducer and activator of transcription 2 [Source:HGNC Symbol;Acc:HGNC:11363]	zinc finger protein 793 [Source:HGNC Symbol;Acc:HGNC:33115]	ataggcatgagccactgtgcttggccaggatttttttttttttttttttgTTTTTTTTTTTTTAGATGGAGTTTCACTCTGTCGCCCAGGCCGGAGTGCA	22.85	3.31	102.42	0.8795	0.6405	0.176470588235294	0.754874932428075
HIC2	PI4KA	22	21442857	+	22	20734553	-	ENSG00000169635	ENSG00000241973	8	7	511.12		intra-chromosomal	hypermethylated in cancer 2 [Source:HGNC Symbol;Acc:HGNC:18595]	phosphatidylinositol 4-kinase, catalytic, alpha [Source:HGNC Symbol;Acc:HGNC:8983]	cccccgccgctggctgctgctcacatggtgtctgggcccttggcactccgTTCATGCGGGAGATGGCAGGGGCCTGGCACATGACGGTGGAGCAGAAATT	0.88	10.31	1.9	0.6309	0.4519	0.875	0.753580801967009
ESPN	PDE4DIP	1	6460120	+	1	149001766	+	ENSG00000187017	ENSG00000178104	4	1	424.22		intra-chromosomal	espin [Source:HGNC Symbol;Acc:HGNC:13281]	phosphodiesterase 4D interacting protein [Source:HGNC Symbol;Acc:HGNC:15580]	gggctacgatgagagcaagctggcgccctggcagcgacaggtcatcctgaCTCCAGGGAAAACTGAAGAATGCCCACAATATCATCAACCTCCTCAAAGA	8.42	6.49	22.08	-0.0488	0.1154	0.25	0.733398542416427
LPCAT4	POLR2J3	15	34362231	-	7	102565678	-	ENSG00000176454	ENSG00000168255	4	1	235.12		inter-chromosomal	lysophosphatidylcholine acyltransferase 4 [Source:HGNC Symbol;Acc:HGNC:30059]	polymerase (RNA) II (DNA directed) polypeptide J3 [Source:HGNC Symbol;Acc:HGNC:33853]	gcttacctgtgattgtggtgggccggctgaaggtggcgttggaaccacagAGATTGCATCTTGTGAGTCTGTAGAAATGGTCAAGGCCTTGTCCTCTCTT	10.02	7.9	26.73	0.0909	0.1831	0.25	0.733398542416427
ZCCHC11	TRAM1	1	52472010	-	8	70574295	-	ENSG00000134744	ENSG00000067167	4	1	219.33		inter-chromosomal	zinc finger, CCHC domain containing 11 [Source:HGNC Symbol;Acc:HGNC:28981]	translocation associated membrane protein 1 [Source:HGNC Symbol;Acc:HGNC:20568]	caaagaatgattgcccagaggattttaggaaaattgatttaaaacctctaATCAAAGTATATTCTTAAAAGTACTTGTGAAGTAAAATCTTTCTTGTGCA	5.49	110.04	19.9	0.0465	0.158	0.25	0.733398542416427
ZNF91	ZNF726	19	23358430	-	19	23932343	+	ENSG00000167232	ENSG00000213967	3	10	267	ENSG00000213096 (44%)	intra-chromosomal	zinc finger protein 91 [Source:HGNC Symbol;Acc:HGNC:13166]	zinc finger protein 726 [Source:HGNC Symbol;Acc:HGNC:32462]	aagcattacaaatatgaagaggcattatttatgaccttttctatggaaagGTATATGTCCTCATTTTGCTCAAGACATTTGGCCAGAGCAGGGCGTGGAA	13.43	1.33	45.96	0.7269	0.6975	0.3	0.733113373261333
ATXN3	GBP4	14	Unable to predict breakpoint position	-	1	Unable to predict breakpoint position	-	ENSG00000066427	ENSG00000162654	4	29	287.86	ENSG00000154237 (99%), ENSG00000132297 (99%), ENSG00000188783 (51%), ENSG00000135426 (51%), ENSG00000006747 (51%), ENSG00000256061 (53%), ENSG00000114656 (51%), ENSG00000003400 (50%), ENSG00000276848 (50%), ENSG00000276033 (50%), ENSG00000275918 (50%), ENSG00000168878 (50%), ENSG00000104970 (50%), ENSG00000215915 (50%), ENSG00000197568 (51%), ENSG00000238203 (45%), ENSG00000234433 (45%), ENSG00000230048 (45%), ENSG00000223757 (45%), ENSG00000204396 (45%), ENSG00000227144 (45%), ENSG00000171124 (38%), ENSG00000172890 (33%)	inter-chromosomal	ataxin 3 [Source:HGNC Symbol;Acc:HGNC:7106]	guanylate binding protein 4 [Source:HGNC Symbol;Acc:HGNC:20480]	ttcaacactattttgttttatttttcttattaatataagaagacaggaatGTCAGGCCTCTGAGCCCAAGCTAAGCCATCATATCCCCTGTGACCTGCAT	3.68	8.98	21.26	0.7189	0.6177	0.137931034482759	0.730811361832492
WDR38	RPL35	9	124857879	+	9	124858067	-	ENSG00000136918	ENSG00000136942	7	19	165.35		Cis	WD repeat domain 38 [Source:HGNC Symbol;Acc:HGNC:23745]	ribosomal protein L35 [Source:HGNC Symbol;Acc:HGNC:10344]	tcagtggaagtgccaggaaacaaagcagtctcagccggaaattctacaagGGCAAGAAGTACAAGCCCCTGGACCTGCGGCCTAAGAAGACACGTGCCAT	11.44	22.23	19.6	0.4124	0.4571	0.368421052631579	0.721733262076427
COA4	SOD1	11	73872667	-	21	31668478	+	ENSG00000181924	ENSG00000142168	5	1	108.5		inter-chromosomal	cytochrome c oxidase assembly factor 4 homolog [Source:HGNC Symbol;Acc:HGNC:24604]	superoxide dismutase 1, soluble [Source:HGNC Symbol;Acc:HGNC:11179]	tcaatcagtttagtggaaggaaaaataaatggggaaactttttattcaaaAAAAAGCAGATGACTTGGGCAAAGGTGGAAATGAAGAAAGTACAAAGACA	21.64	91.62	51	0	0.1354	0.2	0.710261132069754
CDC42BPB	AMN	14	102932566	-	14	102932331	+	ENSG00000198752	ENSG00000166126	4	1	339.79		Cis	CDC42 binding protein kinase beta (DMPK-like) [Source:HGNC Symbol;Acc:HGNC:1738]	amnion associated transmembrane protein [Source:HGNC Symbol;Acc:HGNC:14604]	tgcttggcaaggctgttcaggacgtgcacttccccaagtcggcactgagtGGCCCAGACACACGGGTGACATGTTACCACATCCAAACGGACCACTGGGA	18.78	1.08	32.02	0.8022	0.8014	0.25	0.707156647540218
MTRNR2L1	PABPN1	17	22524663	+	14	23325315	+	ENSG00000256618	ENSG00000100836	3	1	74.64	ENSG00000258643 (50%)	inter-chromosomal	MT-RNR2-like 1 [Source:HGNC Symbol;Acc:HGNC:37155]	poly(A) binding protein, nuclear 1 [Source:HGNC Symbol;Acc:HGNC:8565]	ntctcagcattttactgtacccacacccacccaagaacagggtttgttaaGAAAAAAAGAGGAAAGAAGGAAAAAAAAAAGAATTAAAAAAAAAAAAAAG	51.59	30.23	285.25	0.6324	0.9403	0.333333333333333	0.707053262353896
GANC	CAPN3	15	42354453	+	15	42384483	+	ENSG00000214013	ENSG00000092529	4	1	324		Read-Through	glucosidase, alpha; neutral C [Source:HGNC Symbol;Acc:HGNC:4139]	calpain 3 [Source:HGNC Symbol;Acc:HGNC:1480]	gaatgagttggcaaatcagtttaaaaacacaaactacccaacagaaaaatGAAATTTGCGAGAATCCCCGATTTATCATTGATGGAGCCAACAGAACTGA	2.22	2.1	5.86	0.7489	0.9638	0.25	0.705322043005791
CHST1	ARCN1	11	45648877	-	11	118600947	+	ENSG00000175264	ENSG00000095139	3	5	254.25		intra-chromosomal	carbohydrate (keratan sulfate Gal-6) sulfotransferase 1 [Source:HGNC Symbol;Acc:HGNC:1969]	archain 1 [Source:HGNC Symbol;Acc:HGNC:649]	aattgaaatgctttatctgtgttttctgtaaataaaagagtgcaataatcTTGGCAGATTGTATTGGCCAGCAGGAAAGCAAGCTCTCCAGAGAATGCCC	38.07	71.26	81.76	0.529	0.7852	0.6	0.705084927663827
MECOM	RPL22	3	169663334	-	1	6193049	-	ENSG00000085276	ENSG00000116251	10	5	102.6		inter-chromosomal	MDS1 and EVI1 complex locus [Source:HGNC Symbol;Acc:HGNC:3498]	ribosomal protein L22 [Source:HGNC Symbol;Acc:HGNC:10315]	ctgggcacagcatgagatccaaaggcagggcaaggaaactggccacaaaaTCATGGATGCTGCCAATTTTGAGCAGTTTTTGCAAGAAAGGATCAAAGTG	32.86	3.12	34.3	0.4868	0.6895	0.5	0.697420359570266
ABHD12B	LRRK1	14	50895722	+	15	Unable to predict breakpoint position	+	ENSG00000131969	ENSG00000154237	7	7	341.8	ENSG00000132297 (53%), ENSG00000162654 (42%), ENSG00000105197 (40%), ENSG00000119661 (40%), ENSG00000006747 (41%), ENSG00000188783 (40%), ENSG00000168878 (40%), ENSG00000114656 (54%), ENSG00000276848 (40%), ENSG00000276033 (40%), ENSG00000275918 (40%), ENSG00000104970 (40%), ENSG00000171124 (38%), ENSG00000174456 (36%), ENSG00000256061 (34%), ENSG00000172890 (31%), ENSG00000003400 (31%)	inter-chromosomal	abhydrolase domain containing 12B [Source:HGNC Symbol;Acc:HGNC:19837]	leucine-rich repeat kinase 1 [Source:HGNC Symbol;Acc:HGNC:18608]	cccctagaccatcacagacgccgagcttccggtaactctcacagtgcaagAAGGCAGGAATGTCAGGCCTCTGAGCCCAAGCTAAGCCATCGCATCCCCT	0.91	5.22	24.09	0.7958	0.857	1	0.696321234341912
RMND5A	ANAPC1	2	86741069	+	2	111822600	-	ENSG00000153561	ENSG00000153107	37	6	563.23		intra-chromosomal	required for meiotic nuclear division 5 homolog A [Source:HGNC Symbol;Acc:HGNC:25850]	anaphase promoting complex subunit 1 [Source:HGNC Symbol;Acc:HGNC:19988]	acaaagacatccacagcagtgtttctcgggttggaaaagccattgataagGATTCACTTTAAGAGATTTGGAAACTCTTCCCTTTGGAATTGCTCTTCCC	17.95	8.72	17.99	0.8068	0.7393	0.162162162162162	0.68859895768182
ADAT1	MAN2B2	16	75598156	-	4	6622100	+	ENSG00000065457	ENSG00000013288	3	1	257	More than 30 homologies found: ENSG00000184860 (51%), ENSG00000093183 (51%), ENSG00000137413 (51%), ENSG00000100225 (53%), ENSG00000138035 (51%), ENSG00000152049 (51%), ENSG00000168591 (51%), ENSG00000163110 (51%), ENSG00000204054 (51%), ENSG00000189298 (51%), ENSG00000203666 (50%), ENSG00000177042 (51%), ENSG00000139625 (51%), ENSG00000128309 (51%), ENSG00000213949 (51%), ENSG00000198912 (51%), ENSG00000184792 (51%), ENSG00000182446 (51%), ENSG00000166233 (51%), ENSG00000151322 (51%), ENSG00000146426 (51%), ENSG00000132300 (51%), ENSG00000197857 (51%), ENSG00000170100 (50%), ENSG00000139160 (51%), ENSG00000142405 (51%), ENSG00000139433 (51%), ENSG00000130997 (51%), ENSG00000130779 (51%), ENSG00000104154 (51%)	inter-chromosomal	adenosine deaminase, tRNA-specific 1 [Source:HGNC Symbol;Acc:HGNC:228]	mannosidase, alpha, class 2B, member 2 [Source:HGNC Symbol;Acc:HGNC:29623]	actcaggaggctgaggcagaagaatctctcaaacccaggaggtggaggttGAATATTATTTGGCCATAAAAAGGAAGGAAATTCTGACGCATGCCACAGC	4.82	5.92	14.77	0.4868	0.6663	0.333333333333333	0.682146159794343
GTF3C2	MOB1A	2	27350563	-	2	Unable to predict breakpoint position	-	ENSG00000115207	ENSG00000114978	3	1	194	More than 30 homologies found: ENSG00000158793 (100%), ENSG00000156831 (87%), ENSG00000185905 (85%), ENSG00000162144 (82%), ENSG00000240849 (83%), ENSG00000100711 (82%), ENSG00000177800 (74%), ENSG00000247077 (76%), ENSG00000172167 (80%), ENSG00000105254 (82%), ENSG00000130363 (73%), ENSG00000235194 (84%), ENSG00000125885 (82%), ENSG00000124120 (82%), ENSG00000185869 (82%), ENSG00000106261 (73%), ENSG00000185379 (73%), ENSG00000153721 (73%), ENSG00000142405 (73%), ENSG00000162065 (82%), ENSG00000101040 (86%), ENSG00000135677 (82%), ENSG00000003402 (86%), ENSG00000105953 (73%), ENSG00000139433 (73%), ENSG00000121410 (75%), ENSG00000160991 (74%), ENSG00000168610 (74%), ENSG00000007392 (73%), ENSG00000142949 (73%)	intra-chromosomal	general transcription factor IIIC subunit 2 [Source:HGNC Symbol;Acc:HGNC:4665]	MOB kinase activator 1A [Source:HGNC Symbol;Acc:HGNC:16015]	gcccaggctgatcttgaactcctggcctcaagcgatcctcccaccttggcCTCCTGAGTAGCTGGAACTACAGGTGCCCGCCACCACGCCCAGCTAATTT	14.99	59.69	12.55	0.4868	0.6663	0.333333333333333	0.682146159794343
ACTG1	RAC1	17	81509990	-	7	6401947	+	ENSG00000184009	ENSG00000136238	3	2	140.18	ENSG00000128340 (47%)	inter-chromosomal	actin gamma 1 [Source:HGNC Symbol;Acc:HGNC:144]	ras-related C3 botulinum toxin substrate 1 (rho family, small GTP binding protein Rac1) [Source:HGNC Symbol;Acc:HGNC:9801]	tatgtgagaacattaggccccagcaacacgtcattgtgtaaggaaaaataAAGACACGATCGAGAAACTGAAGGAGAAGAAGCTGACTCCCATCACCTAT	0.09	177.04	12.6	0.3488	0.4332	0.666666666666667	0.679415993811453
SLC37A2	TCL6	11	Unable to predict breakpoint position	+	14	Unable to predict breakpoint position	+	ENSG00000134955	ENSG00000187621	3	4	180.62	ENSG00000176124 (50%), ENSG00000185787 (49%), ENSG00000174255 (51%), ENSG00000000460 (51%), ENSG00000080709 (53%), ENSG00000103740 (48%), ENSG00000150977 (49%), ENSG00000172828 (46%), ENSG00000141458 (48%), ENSG00000141026 (51%), ENSG00000100490 (46%), ENSG00000197548 (48%), ENSG00000105426 (43%), ENSG00000231160 (45%), ENSG00000100867 (43%)	inter-chromosomal	solute carrier family 37 (glucose-6-phosphate transporter), member 2 [Source:HGNC Symbol;Acc:HGNC:20644]	T-cell leukemia/lymphoma 6 (non-protein coding) [Source:HGNC Symbol;Acc:HGNC:13463]	cctgtgtgtcgaaactctgtatctaactaatctgatggggacgtggagaaCACTGTGGAAGCTTTGTTCTTTTGCTCTTTGCAATAAATCTTGCTACTGC	2.34	0.78	33.06	0.3331	0.3912	0.75	0.678270518773397
TSPAN31	SLC25A3	12	57750196	+	12	98595605	+	ENSG00000135452	ENSG00000075415	3	7	212.5	ENSG00000163798 (31%)	intra-chromosomal	tetraspanin 31 [Source:HGNC Symbol;Acc:HGNC:10539]	solute carrier family 25 (mitochondrial carrier; phosphate carrier), member 3 [Source:HGNC Symbol;Acc:HGNC:10989]	ttatctcaataaataaataaataaataaataaataaataaataaataaatGAAAGTTATAAGATATAGTCATCTAACAAGCTGTGTGGAAACCTAACTGT	11.78	43.49	14.1	0.3488	0.4332	0.428571428571429	0.672935534015618
PYCARD	AK4	16	31201486	-	1	65227016	+	ENSG00000103490	ENSG00000162433	4	1	237		inter-chromosomal	PYD and CARD domain containing [Source:HGNC Symbol;Acc:HGNC:16608]	adenylate kinase 4 [Source:HGNC Symbol;Acc:HGNC:363]	catcctgaatctgatctttttatacacaatatacgaaaagccagcttgaaAAAAAAAAAAAAAACCCTGAAAGTCTTGGGAACCCCCTAAAGTCTTTTGG	15.41	23.38	30.14	0.1332	0.2109	0.25	0.666868279892905
DDX58	TMEM18	9	32455705	-	2	668536	-	ENSG00000107201	ENSG00000151353	4	1	429.91		inter-chromosomal	DEAD (Asp-Glu-Ala-Asp) box polypeptide 58 [Source:HGNC Symbol;Acc:HGNC:19102]	transmembrane protein 18 [Source:HGNC Symbol;Acc:HGNC:25257]	agtagtagtattcttactaagacccaatacaaatggattatttaaaccaaAAATGTAATTGGAACAGTTATCTTTGATTAGACAAGCCTGGGAAGAGAAT	8.4	10.56	13.21	0.7367	0.9817	0.25	0.664091398511023
UGT2B7	RNF213	4	69051573	+	17	80397934	+	ENSG00000171234	ENSG00000173821	18	2	285.69	ENSG00000131508 (52%)	inter-chromosomal	UDP glucuronosyltransferase 2 family, polypeptide B7 [Source:HGNC Symbol;Acc:HGNC:12554]	ring finger protein 213 [Source:HGNC Symbol;Acc:HGNC:14539]	caggccctcgcagaggattaacacagtggctgaacaccaggaaggaactgGCCCCAGTGGAATGCCTGGCCAGAGCAGTGTGTAGCAGGCCCCCGAGGAG	20.09	12.85	34.86	0.1536	0.2289	0.111111111111111	0.663201073623208
NF1	ZMYND8	17	31265339	+	20	47347926	-	ENSG00000196712	ENSG00000101040	3	1	325.4		inter-chromosomal	neurofibromin 1 [Source:HGNC Symbol;Acc:HGNC:7765]	zinc finger, MYND-type containing 8 [Source:HGNC Symbol;Acc:HGNC:9397]	gctgggacttccaaagctgggaatcctattttttattatgttgcacggagCTTGGCTGAAGAGGAAATAAAAACAGAACAGGAGGTGGTAGAGGGCATGG	7.69	32.77	16.25	0.4355	0.5713	0.333333333333333	0.657510716355973
ZNHIT6	HSP90B1	1	85707676	-	12	103946792	+	ENSG00000117174	ENSG00000166598	3	1	113.34		inter-chromosomal	zinc finger, HIT-type containing 6 [Source:HGNC Symbol;Acc:HGNC:26089]	heat shock protein 90kDa beta family member 1 [Source:HGNC Symbol;Acc:HGNC:12028]	atttcctgaagaaagaaatcgtggatgatacaaaggtgaaagaagagcctGAAGATGATAAAACAGTTTTGGATCTTGCTGTGGTTTTGTTTGAAACAGC	10.67	82.27	26.8	0.7103	1	0.333333333333333	0.653182119973621
AIG1	PARL	6	143333445	+	3	183866758	-	ENSG00000146416	ENSG00000175193	4	4	673.03		inter-chromosomal	androgen-induced 1 [Source:HGNC Symbol;Acc:HGNC:21607]	presenilin associated, rhomboid-like [Source:HGNC Symbol;Acc:HGNC:18253]	gtacctgctgggagaagttctgaacaactatatctgggatacacagaaaaGCTGTGCATTTGGATCAGCTGCTATTTGGCAATATGAATCACTGAAATCC	8.44	30.06	3.25	0.4219	0.5617	1	0.649959825212733
SRP14	EIF2AK4	15	40035740	-	15	40035314	+	ENSG00000140319	ENSG00000128829	4	1	211	More than 30 homologies found: ENSG00000157193 (51%), ENSG00000188266 (50%), ENSG00000185361 (48%), ENSG00000132274 (48%), ENSG00000172663 (50%), ENSG00000152104 (51%), ENSG00000197312 (48%), ENSG00000066294 (49%), ENSG00000107771 (49%), ENSG00000137809 (49%), ENSG00000087302 (46%), ENSG00000070501 (47%), ENSG00000126070 (47%), ENSG00000100902 (47%), ENSG00000127954 (47%), ENSG00000107651 (48%), ENSG00000183091 (48%), ENSG00000205423 (49%), ENSG00000153292 (49%), ENSG00000141298 (49%), ENSG00000196236 (50%), ENSG00000078269 (45%), ENSG00000164733 (46%), ENSG00000100519 (50%), ENSG00000114126 (47%), ENSG00000150401 (47%), ENSG00000163743 (47%), ENSG00000143156 (47%), ENSG00000094916 (47%), ENSG00000143458 (47%)	Cis	signal recognition particle 14kDa [Source:HGNC Symbol;Acc:HGNC:11299]	eukaryotic translation initiation factor 2 alpha kinase 4 [Source:HGNC Symbol;Acc:HGNC:19687]	cttaggagaaacatactacaaagtcatcaagaataaaggttccaaagtaaAAAAAAATTAGTTGGGCATGGTGGCACATGCCTGTAGTCCCAGCTACTCC	18.49	9.58	51.19	0	0.1354	0.25	0.640052383328938
DMKN	KRTDAP	19	35498716	-	19	35488840	-	ENSG00000161249	ENSG00000188508	4	1	417.15		Read-Through	dermokine [Source:HGNC Symbol;Acc:HGNC:25063]	keratinocyte differentiation-associated protein [Source:HGNC Symbol;Acc:HGNC:16313]	aggcttcccgggtgcaacctggcctgctgcagtgggtgaagttttggtagGAAGAAAGCACCATTGAGAATTATGCGTCACGACCCGAGGCCTTTAACAC	29.34	0.69	34.1	0.7925	0.8418	0.25	0.638856294020534
ZNF585A	C15orf40	19	37107601	-	15	82997650	-	ENSG00000196967	ENSG00000169609	3	3	301.07	ENSG00000168014 (100%), ENSG00000175387 (100%), ENSG00000108587 (100%), ENSG00000003402 (100%), ENSG00000139180 (100%), ENSG00000169871 (68%), ENSG00000140612 (63%)	inter-chromosomal	zinc finger protein 585A [Source:HGNC Symbol;Acc:HGNC:26305]	chromosome 15 open reading frame 40 [Source:HGNC Symbol;Acc:HGNC:28443]	aacgggccatgatgacgatggcggttttgtccaaaagaaaagggggaaatGTGGGGAAAAGATTGAGAGATCGGATGGTTGCTGTGTCTGTGTGGAAAGA	2.79	0.6	36.15	0.3985	0.5143	1	0.63723756615602
FTSJ2	LGALS3	7	2238547	-	14	55138044	+	ENSG00000122687	ENSG00000131981	3	4	288.61		inter-chromosomal	FtsJ RNA methyltransferase homolog 2 (E. coli) [Source:HGNC Symbol;Acc:HGNC:16352]	lectin, galactoside-binding, soluble, 3 [Source:HGNC Symbol;Acc:HGNC:6563]	cataagccctggggctttcctggtggccccactggggctgctccgtccngGCTCCATGATGCGTTATCTGGGTCTGGAAACCCAAACCCTCAAGGATGGC	12.41	68.13	6.46	-0.0364	0.1254	0.75	0.631016912289688
ZFAND1	FNTA	8	81701334	-	8	43080087	+	ENSG00000104231	ENSG00000168522	4	2	103.5		intra-chromosomal	zinc finger, AN1-type domain 1 [Source:HGNC Symbol;Acc:HGNC:25858]	farnesyltransferase, CAAX box, alpha [Source:HGNC Symbol;Acc:HGNC:3782]	aaaaaatgtatatactttaagtaaaaaaatactttattgctaaaaaatgcTTGTGAAATGACATTGTTGAAATGACAACAAAGGATTTTAAATATTGTAA	21	12.38	8.79	0.7103	1	0.5	0.628631673205827
RASEF	SPINK9	9	Unable to predict breakpoint position	-	5	Unable to predict breakpoint position	+	ENSG00000165105	ENSG00000204909	56	2	56.71	ENSG00000104375 (56%), ENSG00000173517 (50%), ENSG00000137500 (39%), ENSG00000144029 (39%)	inter-chromosomal	RAS and EF-hand domain containing [Source:HGNC Symbol;Acc:HGNC:26464]	serine peptidase inhibitor, Kazal type 9 [Source:HGNC Symbol;Acc:HGNC:32951]	acggcagggtattccaacagacctgcagctgagggtcctgtctgttagaaGAATGTATAACTAGAATAACCAATACAGAGAAGTGCTTAAAGGAGCTGAT	10.64	0	4.75	0.193	0.2581	0.0357142857142857	0.62532371910065
ATG9A	ABCB6	2	219213828	-	2	219214159	-	ENSG00000198925	ENSG00000115657	3	1	471.74		Read-Through	autophagy related 9A [Source:HGNC Symbol;Acc:HGNC:22408]	ATP binding cassette subfamily B member 6 (Langereis blood group) [Source:HGNC Symbol;Acc:HGNC:47]	cctcgccggctccctgctttgcgcatactttgtcactgagcagaagctacGAAGTGGAACGCTATCGAGAGGCCATCATCAAATATCAGGGTTTGGAGTG	8.82	1.29	9.63	0.7489	0.9638	0.333333333333333	0.619705996349322
COX15	RARRES3	10	99713269	-	11	63546312	+	ENSG00000014919	ENSG00000133321	3	1	154.67		inter-chromosomal	cytochrome c oxidase assembly homolog 15 (yeast) [Source:HGNC Symbol;Acc:HGNC:2263]	retinoic acid receptor responder (tazarotene induced) 3 [Source:HGNC Symbol;Acc:HGNC:9869]	gattagaaatgtaacatactcatttaaattaaataagttgtataagtttgCCTCCCCCATGCCTCCAGCAGCCTGACCCTCGTGCCCTGTCTCAGGCGTT	18.25	17.94	25.82	0.5335	0.7582	0.333333333333333	0.617221145721276
CLUAP1	NLRC3	16	Unable to predict breakpoint position	+	16	3539675	-	ENSG00000103351	ENSG00000167984	13	3	493.86	More than 30 homologies found: ENSG00000117614 (54%), ENSG00000158122 (51%), ENSG00000163827 (50%), ENSG00000124212 (49%), ENSG00000277221 (50%), ENSG00000180758 (50%), ENSG00000118058 (48%), ENSG00000168172 (50%), ENSG00000278742 (49%), ENSG00000133059 (50%), ENSG00000156232 (50%), ENSG00000002587 (50%), ENSG00000119778 (47%), ENSG00000135378 (58%), ENSG00000272047 (50%), ENSG00000159259 (49%), ENSG00000172578 (49%), ENSG00000182329 (49%), ENSG00000081760 (50%), ENSG00000241343 (50%), ENSG00000092445 (50%), ENSG00000168758 (50%), ENSG00000130312 (50%), ENSG00000164574 (48%), ENSG00000141696 (47%), ENSG00000148734 (48%), ENSG00000161405 (47%), ENSG00000203876 (51%), ENSG00000169905 (50%), ENSG00000187021 (51%)	Cis	clusterin associated protein 1 [Source:HGNC Symbol;Acc:HGNC:19009]	NLR family, CARD domain containing 3 [Source:HGNC Symbol;Acc:HGNC:29889]	agcctgggcagcagagtgagactccatctcaaaaaaaaaaaaaaaaaaaaTCTAGATTGACAGCTGTTTTAGTACTTTCAAGGTGATGCTCTGTCTGCTG	4.39	2.39	2.14	0.6145	0.7101	0.230769230769231	0.614884839995679
ZNF621	TIGD1	3	40537633	+	2	232549702	-	ENSG00000172888	ENSG00000221944	6	2	338.81		inter-chromosomal	zinc finger protein 621 [Source:HGNC Symbol;Acc:HGNC:24787]	tigger transposable element derived 1 [Source:HGNC Symbol;Acc:HGNC:14523]	cagaatgaaaccaaaaaaagtgaaacagcattattactgatatggagaaaGTTAAAAGTGCTACTCCAATGAACACACGAATGATAAGAAAGCGAAACAG	5.83	10.34	14.52	0.4219	0.5617	0.333333333333333	0.610475522492732
SCNN1A	TNFRSF1A	12	6348071	-	12	6334244	-	ENSG00000111319	ENSG00000067182	11	6	438.03		Read-Through	sodium channel, non voltage gated 1 alpha subunit [Source:HGNC Symbol;Acc:HGNC:10599]	tumor necrosis factor receptor superfamily member 1A [Source:HGNC Symbol;Acc:HGNC:11916]	tccgaagccgatactggtctccaggccgagggggcaggggtgctcaggagGTGCTCCTGGAGCTGTTGGTGGGAATATACCCCTCAGGGGTTATTGGACT	48.17	36.13	77.52	0.5892	0.5947	0.545454545454545	0.60815466900855
SPON1	CD63	11	14265797	+	12	55727339	-	ENSG00000262655	ENSG00000135404	3	20	70.84		inter-chromosomal	spondin 1, extracellular matrix protein [Source:HGNC Symbol;Acc:HGNC:11252]	CD63 molecule [Source:HGNC Symbol;Acc:HGNC:1692]	tttgcttgtttaagacaatttaaattgtgtacgctagttttcatttttgcGCCTGTGCAGTGGGACTGATTGCCGTGGGTGTCGGGGCACAGCTTGTCCT	82.89	182.46	934.27	0.1353	0.2137	0.15	0.604647286137445
S100A1	CHTOP	1	153632039	+	1	153633982	+	ENSG00000160678	ENSG00000160679	5	1	77.75		Read-Through	S100 calcium binding protein A1 [Source:HGNC Symbol;Acc:HGNC:10486]	chromatin target of PRMT1 [Source:HGNC Symbol;Acc:HGNC:24511]	gtccaagcctgcaactcatctttcattaaaggcttctctctcaccagccaTTTCCCGCCCTCTAGTCGTGCGCGGATCTGACGCCTGACGTAATTGCGTA	32.18	22.06	618.41	0.0909	0.1831	0.2	0.604647286137445
RAB29	SRSF6	1	205767986	-	20	43461033	+	ENSG00000117280	ENSG00000124193	3	4	170		inter-chromosomal	RAB29, member RAS oncogene family [Source:HGNC Symbol;Acc:HGNC:9789]	serine/arginine-rich splicing factor 6 [Source:HGNC Symbol;Acc:HGNC:10788]	ttggtttgaacacctgcaaaatcacaaataaatgagaactaagtcttgtaATCAAGGTCCAGGTCGAGTTCCAGAGATTAACTCAGAACTCCTTGTTTGC	13.19	77.24	18.25	0.2664	0.312	0.75	0.592760848843619
CCDC69	MYL12B	5	151187400	-	18	3277293	+	ENSG00000198624	ENSG00000118680	4	1	230.1	ENSG00000101608 (51%)	inter-chromosomal	coiled-coil domain containing 69 [Source:HGNC Symbol;Acc:HGNC:24487]	myosin light chain 12B [Source:HGNC Symbol;Acc:HGNC:29827]	ctcatatgaacaggagaaagaagcgcttacccactctttccgggaggccaTGAGGCCCCAGGGCCCATCAATTTCACCATGTTCCTGACCATGTTTGGTG	18.91	177.88	12.86	0.3791	0.478	0.25	0.592239421723118
SFT2D2	ACTN1	1	Unable to predict breakpoint position	+	14	68880989	-	ENSG00000213064	ENSG00000072110	4	65	123.38	ENSG00000282844 (70%), ENSG00000130402 (70%)	inter-chromosomal	SFT2 domain containing 2 [Source:HGNC Symbol;Acc:HGNC:25140]	actinin, alpha 1 [Source:HGNC Symbol;Acc:HGNC:163]	gtttgtcataaatagctcttcttattttgaggatccagaccaagatggagGAGATCGGGAGGATCTCCATTGAGATGCATGGGACCCTGGAGGACCAGCT	19.43	68.4	55.22	0.8583	0.5348	0.0615384615384615	0.590146411776108
PRKDC	PSMD4	8	47820799	-	1	151267341	+	ENSG00000253729	ENSG00000159352	3	1	267		inter-chromosomal	protein kinase, DNA-activated, catalytic polypeptide [Source:HGNC Symbol;Acc:HGNC:9413]	proteasome 26S subunit, non-ATPase 4 [Source:HGNC Symbol;Acc:HGNC:9561]	gcacggggagctccagaaggcgattctagagcttcattacagtcaagagcTGAGACTGGAGGGAAAGGGTAGCTGAGTCTGCTTAGGGGACTGCATGGGA	16.47	36.81	28.62	-0.0488	0.1154	0.333333333333333	0.585543639069021
STAU2	PTRF	8	73738293	-	17	42405283	-	ENSG00000040341	ENSG00000177469	3	1	196.29		inter-chromosomal	staufen double-stranded RNA binding protein 2 [Source:HGNC Symbol;Acc:HGNC:11371]	polymerase I and transcript release factor [Source:HGNC Symbol;Acc:HGNC:9688]	agccgtgagggatacagcagtttggtcaatattgtcttaacatgcttcaaGAGGAGGACGCAGCGGCGCTGGAGCTTTCGTCGGACGAGGCGGTGGAGGT	10.47	68.21	22.76	0	0.1354	0.333333333333333	0.585543639069021
SLC31A1	F2R	9	113264492	+	5	76734977	+	ENSG00000136868	ENSG00000181104	3	1	276.67		inter-chromosomal	solute carrier family 31 (copper transporter), member 1 [Source:HGNC Symbol;Acc:HGNC:11016]	coagulation factor II (thrombin) receptor [Source:HGNC Symbol;Acc:HGNC:3537]	cagtgtcatatgaaaaagaacaaaataaatattttgattttgtgattctaTCTAGGAAAATTATTCTATAATTTCCATTTACTTAAGACTTAATGAGACT	11.33	23.59	6.22	0.4618	0.6189	0.333333333333333	0.58123507629946
TMSB4X	MAF	X	12977227	+	16	79597484	-	ENSG00000205542	ENSG00000178573	4	1	80.06		inter-chromosomal	thymosin beta 4, X-linked [Source:HGNC Symbol;Acc:HGNC:11881]	v-maf avian musculoaponeurotic fibrosarcoma oncogene homolog [Source:HGNC Symbol;Acc:HGNC:6776]	attggaatgcacaatttttttaatatgcaaataaaaagtttaaaaacttaAATAAGAATGACGCCCCACTTTGGGGACTAAAATTGTGCTATTGCCGAGA	2.78	12.74	3.07	0.0465	0.158	0.25	0.580332290481222
PDS5A	PRRG3	4	39847455	-	X	151703912	+	ENSG00000121892	ENSG00000130032	3	1	-29	More than 30 homologies found: ENSG00000160613 (58%), ENSG00000124226 (52%), ENSG00000160062 (52%), ENSG00000114861 (52%), ENSG00000064205 (52%), ENSG00000106477 (49%), ENSG00000155744 (45%), ENSG00000166123 (52%), ENSG00000165186 (42%), ENSG00000077454 (42%), ENSG00000135956 (52%), ENSG00000106399 (52%), ENSG00000141279 (46%), ENSG00000122484 (49%), ENSG00000273814 (52%), ENSG00000127314 (53%), ENSG00000178199 (50%), ENSG00000140479 (48%), ENSG00000278372 (43%), ENSG00000278259 (43%), ENSG00000160007 (38%), ENSG00000167904 (40%), ENSG00000154642 (35%), ENSG00000112280 (45%), ENSG00000124785 (33%), ENSG00000100292 (33%), ENSG00000135205 (33%), ENSG00000071991 (33%), ENSG00000165996 (33%), ENSG00000234456 (34%)	inter-chromosomal	PDS5 cohesin associated factor A [Source:HGNC Symbol;Acc:HGNC:29088]	proline rich Gla (G-carboxyglutamic acid) 3 (transmembrane) [Source:HGNC Symbol;Acc:HGNC:30798]	agcctctcaagtagctgtgactacaggcatgtgtcaccatgcctggctaaTTGTGTGTGTGTGTGTGTGTGTGTGTGTGTGTGTGTGTGTGTATGGAAAG	20.17	0.18	14.96	0.5107	0.713	0.333333333333333	0.569047893221471
MAK	RPS6KA5	6	10796288	-	14	Unable to predict breakpoint position	-	ENSG00000111837	ENSG00000100784	4	3	268.43	More than 30 homologies found: ENSG00000078124 (59%), ENSG00000187024 (45%), ENSG00000164916 (42%), ENSG00000080371 (42%), ENSG00000150637 (42%), ENSG00000136731 (42%), ENSG00000213463 (50%), ENSG00000183077 (43%), ENSG00000196236 (47%), ENSG00000131944 (47%), ENSG00000162959 (41%), ENSG00000185250 (48%), ENSG00000124882 (46%), ENSG00000174891 (47%), ENSG00000157542 (40%), ENSG00000148019 (55%), ENSG00000081665 (41%), ENSG00000172689 (45%), ENSG00000186666 (47%), ENSG00000118217 (39%), ENSG00000006740 (46%), ENSG00000176834 (39%), ENSG00000166946 (53%), ENSG00000135679 (41%), ENSG00000183023 (39%), ENSG00000167703 (39%), ENSG00000166233 (46%), ENSG00000169213 (37%), ENSG00000159433 (38%), ENSG00000206579 (38%)	inter-chromosomal	male germ cell-associated kinase [Source:HGNC Symbol;Acc:HGNC:6816]	ribosomal protein S6 kinase, 90kDa, polypeptide 5 [Source:HGNC Symbol;Acc:HGNC:10434]	tccaaagaaacgaccgacagcaagccaggcattgaaacacccatattttcTTCTTTTCTTTTTTTTTTTTTTTTTTTTTTTTTTTTGAGACGGAGTCTCG	4.38	2.24	9.81	0.2367	0.3373	0.75	0.55645055476061
TIMMDC1	MS4A10	3	119500594	+	11	Unable to predict breakpoint position	+	ENSG00000113845	ENSG00000172689	3	4	191.5	More than 30 homologies found: ENSG00000150938 (51%), ENSG00000136546 (51%), ENSG00000145375 (51%), ENSG00000132849 (51%), ENSG00000167110 (53%), ENSG00000174233 (50%), ENSG00000141562 (51%), ENSG00000197170 (50%), ENSG00000196376 (51%), ENSG00000186260 (51%), ENSG00000184990 (51%), ENSG00000178927 (51%), ENSG00000175387 (51%), ENSG00000168234 (51%), ENSG00000164466 (51%), ENSG00000161888 (51%), ENSG00000140678 (51%), ENSG00000108963 (51%), ENSG00000104774 (51%), ENSG00000039319 (51%), ENSG00000227500 (51%), ENSG00000214595 (51%), ENSG00000204138 (51%), ENSG00000196236 (51%), ENSG00000184898 (51%), ENSG00000177181 (51%), ENSG00000172667 (51%), ENSG00000167770 (51%), ENSG00000128881 (51%), ENSG00000126070 (51%)	inter-chromosomal	translocase of inner mitochondrial membrane domain containing 1 [Source:HGNC Symbol;Acc:HGNC:1321]	membrane-spanning 4-domains, subfamily A, member 10 [Source:HGNC Symbol;Acc:HGNC:13368]	tataactgaactgtttaattcatctgagaattctacctatgatgaaaaatTTTTTTTTTTTTTGAGACGGAGTCTCACTCTGTCACCCAGGCTGGAGTGC	36.3	0.98	9.63	0.212	0.2748	0.75	0.55645055476061
WDR47	PINLYP	1	109024867	-	19	43583212	+	ENSG00000085433	ENSG00000234465	3	4	305	More than 30 homologies found: ENSG00000167861 (55%), ENSG00000196150 (55%), ENSG00000131944 (55%), ENSG00000146963 (55%), ENSG00000102962 (50%), ENSG00000165702 (50%), ENSG00000175387 (50%), ENSG00000120805 (55%), ENSG00000281661 (52%), ENSG00000186446 (52%), ENSG00000183914 (55%), ENSG00000186716 (50%), ENSG00000189046 (49%), ENSG00000153037 (49%), ENSG00000181090 (57%), ENSG00000006576 (50%), ENSG00000129103 (55%), ENSG00000108370 (50%), ENSG00000110090 (50%), ENSG00000243335 (51%), ENSG00000099864 (54%), ENSG00000142784 (44%), ENSG00000115464 (54%), ENSG00000141337 (50%), ENSG00000174485 (51%), ENSG00000111364 (44%), ENSG00000137709 (49%), ENSG00000183323 (50%), ENSG00000166965 (52%), ENSG00000198812 (43%)	inter-chromosomal	WD repeat domain 47 [Source:HGNC Symbol;Acc:HGNC:29141]	phospholipase A2 inhibitor and LY6/PLAUR domain containing [Source:HGNC Symbol;Acc:HGNC:44206]	gggctcaagcgatcctcctgcttcagcctcccaaagtgctgggactacagATGTGTCTCCCAGGCTGGAGTGCAGTGAAACCATCACAGTTCACTGCAGC	10.92	2.93	9.66	0.2487	0.3107	0.75	0.55645055476061
ENOSF1	CCDC90B	18	670325	-	11	Unable to predict breakpoint position	-	ENSG00000132199	ENSG00000137500	3	1	344	More than 30 homologies found: ENSG00000166123 (53%), ENSG00000136267 (51%), ENSG00000109083 (51%), ENSG00000229676 (51%), ENSG00000175782 (51%), ENSG00000167110 (51%), ENSG00000137076 (51%), ENSG00000101266 (51%), ENSG00000089022 (51%), ENSG00000159210 (51%), ENSG00000205758 (51%), ENSG00000177839 (51%), ENSG00000154582 (51%), ENSG00000101882 (51%), ENSG00000205269 (53%), ENSG00000100902 (49%), ENSG00000173809 (49%), ENSG00000197162 (51%), ENSG00000129204 (50%), ENSG00000127314 (50%), ENSG00000186017 (51%), ENSG00000141279 (50%), ENSG00000181264 (51%), ENSG00000153292 (51%), ENSG00000146122 (51%), ENSG00000100099 (51%), ENSG00000198805 (51%), ENSG00000146063 (51%), ENSG00000125827 (51%), ENSG00000113558 (51%)	inter-chromosomal	enolase superfamily member 1 [Source:HGNC Symbol;Acc:HGNC:30365]	coiled-coil domain containing 90B [Source:HGNC Symbol;Acc:HGNC:28108]	aactggtgcttctggtacaccctcctatattaaaagtctctattacatggCCAGGCATGGTGGCACATGCCTGTAATTCCAGCTACTCGGGAGGCTGAGG	6.69	13.98	6.54	0.7606	0.9403	0.333333333333333	0.553055786156436
RBMS1	MAVS	2	160272151	-	20	3870335	+	ENSG00000153250	ENSG00000088888	4	1	200.13		inter-chromosomal	RNA binding motif, single stranded interacting protein 1 [Source:HGNC Symbol;Acc:HGNC:9907]	mitochondrial antiviral signaling protein [Source:HGNC Symbol;Acc:HGNC:29233]	ctgttttatttcttttgagaacctttgaataaaaaacatctgaaattttaCTTCTTTCTCCCGCTGAATCATTTCCCTCAAAGCCCAAGAGCTGTCACTG	15.3	16.71	57.82	0.7824	0.8788	0.25	0.549345507150358
ZNF440	PLEKHA2	19	11835201	+	8	38971780	+	ENSG00000171295	ENSG00000169499	3	9	307	More than 30 homologies found: ENSG00000100934 (90%), ENSG00000213024 (99%), ENSG00000111319 (100%), ENSG00000162928 (100%), ENSG00000188305 (100%), ENSG00000138821 (100%), ENSG00000110801 (100%), ENSG00000172382 (100%), ENSG00000174032 (89%), ENSG00000130244 (90%), ENSG00000250423 (89%), ENSG00000100626 (100%), ENSG00000161671 (90%), ENSG00000197816 (90%), ENSG00000214595 (100%), ENSG00000141526 (90%), ENSG00000163428 (90%), ENSG00000166263 (90%), ENSG00000115641 (90%), ENSG00000053524 (100%), ENSG00000072958 (90%), ENSG00000166441 (90%), ENSG00000267041 (93%), ENSG00000181852 (90%), ENSG00000167315 (90%), ENSG00000157106 (90%), ENSG00000138592 (90%), ENSG00000112276 (90%), ENSG00000100083 (90%), ENSG00000077157 (90%)	inter-chromosomal	zinc finger protein 440 [Source:HGNC Symbol;Acc:HGNC:20874]	pleckstrin homology domain containing A2 [Source:HGNC Symbol;Acc:HGNC:14336]	tcaggaaatggagaccatcctggccaacacagtgaaacccagtctctactAAAAATACGAAAAAAAAATTAGCCGGGCGCAGTGGCAGGCGCCTGTAGTC	12.42	18.96	28.5	0.3383	0.5278	0.333333333333333	0.545386567210103
PRIMPOL	NETO2	4	184685473	+	16	Unable to predict breakpoint position	-	ENSG00000164306	ENSG00000171208	3	1	329.67	More than 30 homologies found: ENSG00000188732 (60%), ENSG00000138035 (55%), ENSG00000141576 (58%), ENSG00000189298 (57%), ENSG00000144736 (59%), ENSG00000125656 (55%), ENSG00000189091 (55%), ENSG00000232367 (55%), ENSG00000230705 (55%), ENSG00000227816 (55%), ENSG00000226173 (55%), ENSG00000224748 (55%), ENSG00000224212 (55%), ENSG00000206297 (55%), ENSG00000168394 (55%), ENSG00000100461 (60%), ENSG00000105220 (59%), ENSG00000174032 (55%), ENSG00000152689 (55%), ENSG00000135297 (55%), ENSG00000276684 (52%), ENSG00000260916 (52%), ENSG00000236490 (52%), ENSG00000231925 (52%), ENSG00000206281 (52%), ENSG00000206208 (52%), ENSG00000171109 (52%), ENSG00000160439 (52%), ENSG00000112493 (52%), ENSG00000008988 (52%)	inter-chromosomal	primase and DNA directed polymerase [Source:HGNC Symbol;Acc:HGNC:26575]	neuropilin and tolloid like 2 [Source:HGNC Symbol;Acc:HGNC:14644]	gttttcagtgttctccctatcctgaagttgatcattttgttctttctttgTCGCCCAGGCTGGAGTGCAGTGGCGCGATCTCGGCTCACTGCAAGCTCCG	8.63	1.47	19	0.3791	0.478	0.333333333333333	0.545386567210103
CASC1	LRMP	12	25108420	-	12	25079258	+	ENSG00000118307	ENSG00000118308	6	2	440.25		Cis	cancer susceptibility candidate 1 [Source:HGNC Symbol;Acc:HGNC:29599]	lymphoid-restricted membrane protein [Source:HGNC Symbol;Acc:HGNC:6690]	gagtgaatgaatacatttcaaatcaactattaaaaattttctaatctgcaACGCGTGTGTCCTGAGAGCCTGCTGCAGTCCAGGGAATATTCCTCACTAC	9.38	0.27	12.51	0.0909	0.1831	0.333333333333333	0.536378281152343
C18orf25	RABGAP1	18	46266989	+	9	123104418	+	ENSG00000152242	ENSG00000011454	3	1	146		inter-chromosomal	chromosome 18 open reading frame 25 [Source:HGNC Symbol;Acc:HGNC:28172]	RAB GTPase activating protein 1 [Source:HGNC Symbol;Acc:HGNC:17155]	taaaggttaaactattttaagacaaaataaaatagagtgtatttaaacaaAAAAAAAAAAAAAACTTTGACTTTTAATTTATATAGTGATATGCTGACAG	7.4	16.84	14.41	0.0465	0.158	0.333333333333333	0.536378281152343
ATRAID	PABPN1	2	27217178	+	14	23325087	+	ENSG00000138085	ENSG00000100836	3	1	206.14		inter-chromosomal	all-trans retinoic acid induced differentiation factor [Source:HGNC Symbol;Acc:HGNC:24090]	poly(A) binding protein, nuclear 1 [Source:HGNC Symbol;Acc:HGNC:8565]	ttgcctataataaacacttttttctttttttttcctctctttctttttaaGCGTTACTATTTCTGGGATCATGGGGTCAGTTTTAGGACACTTGAACACT	47.74	30.23	75.4	0.7238	0.9939	0.333333333333333	0.536150485078626
ELMO2	TMSB4X	20	46366049	-	X	12976286	+	ENSG00000062598	ENSG00000205542	3	2	272.84	ENSG00000124243 (50%), ENSG00000154620 (50%)	inter-chromosomal	engulfment and cell motility 2 [Source:HGNC Symbol;Acc:HGNC:17233]	thymosin beta 4, X-linked [Source:HGNC Symbol;Acc:HGNC:11881]	gcttcctgtcagtaaccatgttttcaataaatactctttcatgtacaaacGAGATCGAGAAATTCGATAAGTCGAAACTGAAGAAGACAGAGACGCAAGA	8.67	2.78	26.21	0.0465	0.158	0.666666666666667	0.529893428890112
RPL10A	ARID1A	6	35470781	+	1	26781083	+	ENSG00000198755	ENSG00000117713	3	60	288.6		inter-chromosomal	ribosomal protein L10a [Source:HGNC Symbol;Acc:HGNC:10299]	AT-rich interaction domain 1A [Source:HGNC Symbol;Acc:HGNC:11110]	gccccagcgcctatattaaggcacatttgaataaattctattaccagttcAAAAAAAATAAAATAAAAATGGCTTTCCCAGTCCTTGCATCAACGGGATG	4.83	24.15	17.64	0.2977	0.4209	0.05	0.529334077336553
ZNF547	TRAPPC2	19	57363703	+	X	13719982	-	ENSG00000152433	ENSG00000196459	134	12	496.68		inter-chromosomal	zinc finger protein 547 [Source:HGNC Symbol;Acc:HGNC:26432]	trafficking protein particle complex 2 [Source:HGNC Symbol;Acc:HGNC:23068]	cccctctcttccctggctggacttgcggagtccccgccgaagaacccgagGAGCCATATATTGAAGACCATGTCTGGGAGCTTCTACTTTGTAATTGTTG	1.66	6.88	31.32	0.6814	0.6902	0.0895522388059701	0.514986299679057
PRRT3	CRELD1	3	9945822	-	3	9945031	+	ENSG00000163704	ENSG00000163703	6	3	161.5	More than 30 homologies found: ENSG00000125207 (50%), ENSG00000109917 (50%), ENSG00000143322 (48%), ENSG00000186666 (50%), ENSG00000150637 (47%), ENSG00000164916 (47%), ENSG00000080371 (48%), ENSG00000283059 (47%), ENSG00000227268 (47%), ENSG00000100784 (52%), ENSG00000172689 (45%), ENSG00000165572 (52%), ENSG00000196236 (52%), ENSG00000148019 (49%), ENSG00000132849 (43%), ENSG00000157542 (44%), ENSG00000081665 (45%), ENSG00000196376 (42%), ENSG00000167601 (47%), ENSG00000176834 (44%), ENSG00000118217 (43%), ENSG00000056972 (41%), ENSG00000183023 (43%), ENSG00000170545 (40%), ENSG00000103510 (40%), ENSG00000144648 (41%), ENSG00000169213 (41%), ENSG00000236490 (41%), ENSG00000231925 (41%), ENSG00000206208 (41%)	Cis	proline-rich transmembrane protein 3 [Source:HGNC Symbol;Acc:HGNC:26591]	cysteine rich with EGF-like domains 1 [Source:HGNC Symbol;Acc:HGNC:14630]	caagagtgagactccgtctcaaaaaaaaaaaaaaaaaaaaaaaaaaaaaaAAGGCATCAGTCTTACTACCTGTCCCACCACCCCCACCTTAGGGAAATGT	4.17	11.16	25.9	0.3691	0.4672	0.5	0.510767768847403
ATXN3	MTRNR2L8	14	92063820	-	11	10508267	-	ENSG00000066427	ENSG00000255823	3	2	167.42	ENSG00000269028 (50%), ENSG00000256618 (50%), ENSG00000232196 (46%), ENSG00000282017 (44%), ENSG00000270672 (44%), ENSG00000256892 (45%), ENSG00000249860 (46%), ENSG00000256045 (44%), ENSG00000256222 (46%)	inter-chromosomal	ataxin 3 [Source:HGNC Symbol;Acc:HGNC:7106]	MT-RNR2-like 8 [Source:HGNC Symbol;Acc:HGNC:37165]	ctactttcctgatgttgataatagtaatggttctagaaggatgaacagttGGTAGCATAATCACTTGTTCCTTAAATAGGGACTTGTATGAATGGCTCCA	3.68	263.96	13.29	0.0465	0.158	0.666666666666667	0.510711431666703
USP9X	RAB4B	X	41184672	+	19	40779752	+	ENSG00000124486	ENSG00000167578	3	1	174		inter-chromosomal	ubiquitin specific peptidase 9, X-linked [Source:HGNC Symbol;Acc:HGNC:12632]	RAB4B, member RAS oncogene family [Source:HGNC Symbol;Acc:HGNC:9782]	ctgtggcagaagcttgtcagccaggtgtagaaggtgtgaatcccatgacaCAAAAACAACGACAAAAAAACCCCTGCACATGTACTCCCTGAATCTAAAA	29.61	3.33	36.93	0.4868	0.6663	0.333333333333333	0.51035076444981
NDUFAF3	PRPSAP2	3	49023495	+	17	18877769	+	ENSG00000178057	ENSG00000141127	3	1	369		inter-chromosomal	NADH:ubiquinone oxidoreductase complex assembly factor 3 [Source:HGNC Symbol;Acc:HGNC:29918]	phosphoribosyl pyrophosphate synthetase-associated protein 2 [Source:HGNC Symbol;Acc:HGNC:9467]	acttgctcacatgcagatttgagaggacctcaacggcttttctcacaaaaTCATTGGCGTGATACCCTACTTTCCTTACAGCAAGCAGTGCAAGATGAGA	14.04	7.03	34.81	0.1332	0.2109	0.333333333333333	0.506922859977172
RPL27	RBBP9	17	42998831	+	20	18489636	-	ENSG00000131469	ENSG00000089050	3	249	19.22		inter-chromosomal	ribosomal protein L27 [Source:HGNC Symbol;Acc:HGNC:10328]	retinoblastoma binding protein 9 [Source:HGNC Symbol;Acc:HGNC:9892]	tgcttgtcctggctggacgctactccggacgcaaagctgtcatcgtgaagAACATTCAATCTAAGTTACAAATAGCACTTCCATTTTCCATAGACTCTAA	7.33	9.63	2982.96	0.2384	0.3192	0.0120481927710843	0.50441894132571
BMS1P20	GUSBP11	22	22322835	+	22	23638942	-	ENSG00000236850	ENSG00000228315	8	5	189.67		intra-chromosomal	BMS1, ribosome biogenesis factor pseudogene 20 [Source:HGNC Symbol;Acc:HGNC:49153]	glucuronidase, beta pseudogene 11 [Source:HGNC Symbol;Acc:HGNC:42325]	actcctcatttatgacaataataagcgaccctcagggatgactaaccagtGTCAGCCCAAGACTACCCCGTCGGTCATTCTGTTCCTGCCGTCCTGTGAG	10.17	2.34	87.35	0.4355	0.5713	0.625	0.50081182839234
